config,param,tau,res,l_scale,d_scale,n_scale,mean_range,stall_prop,graph_file,mean_ratio,max_ratio,cut_average,cut_max,time_average,total_time
3,2,100,10,0.0,0.0,0.5,4,,G1.txt,98.84979353062629,99.07088781830696,11490.3,11516.0,52.26382713317871,0.891862154006958
3,2,100,10,0.0,0.0,1.0,4,,G1.txt,98.80677907777013,99.23434273916035,11485.3,11535.0,59.38523139953613,0.9021115303039551
3,2,100,10,0.0,0.1,0.5,4,,G1.txt,98.7018238128011,98.99346180316586,11473.1,11507.0,53.76182060241699,0.825716495513916
3,2,100,10,0.0,0.1,1.0,4,,G1.txt,98.73537508602891,99.15691672401927,11477.0,11526.0,65.26125106811523,0.9537358283996582
3,2,100,10,0.0,0.2,0.5,4,,G1.txt,98.6794562973159,99.14831383344804,11470.5,11525.0,46.611030197143556,0.7563357353210449
3,2,100,10,0.0,0.2,1.0,4,,G1.txt,98.68805918788713,98.94184445973848,11471.5,11501.0,49.62518119812012,0.7911272048950195
3,2,100,10,0.0,0.3,0.5,4,,G1.txt,98.78957329662767,99.28596008258775,11483.3,11541.0,70.91113891601563,0.9958031177520752
3,2,100,10,0.0,0.3,1.0,4,,G1.txt,98.79731589814178,99.13110805230558,11484.2,11523.0,62.38500823974609,0.9447097778320312
3,2,100,10,0.0,0.4,0.5,4,,G1.txt,98.6794562973159,99.04507914659325,11470.5,11513.0,57.03145294189453,0.8613967895507812
3,2,100,10,0.0,0.4,1.0,4,,G1.txt,98.60375086028905,98.91603578802477,11461.7,11498.0,53.2141056060791,0.8304674625396729
3,2,100,10,0.0,0.5,0.5,4,,G1.txt,98.65966964900207,98.95905024088094,11468.2,11503.0,46.307212829589844,0.7688326835632324
3,2,100,10,0.0,0.5,1.0,4,,G1.txt,98.73193392980042,99.10529938059187,11476.6,11520.0,52.289116287231444,0.8085618019104004
3,2,100,10,0.25,0.0,0.5,4,,G1.txt,98.63816242257398,99.11390227116311,11465.7,11521.0,50.21221809387207,0.789116382598877
3,2,100,10,0.25,0.0,1.0,4,,G1.txt,98.694081211287,98.90743289745355,11472.2,11497.0,57.85986862182617,0.9216077327728271
3,2,100,10,0.25,0.1,0.5,4,,G1.txt,98.60977288368892,98.93324156916724,11462.4,11500.0,47.02248649597168,0.7794361114501953
3,2,100,10,0.25,0.1,1.0,4,,G1.txt,98.62697866483138,98.90743289745355,11464.4,11497.0,58.48163528442383,0.8701791763305664
3,2,100,10,0.25,0.2,0.5,4,,G1.txt,98.69150034411562,98.8988300068823,11471.9,11496.0,47.6073600769043,0.7787387371063232
3,2,100,10,0.25,0.2,1.0,4,,G1.txt,98.67257398485891,99.0020646937371,11469.7,11508.0,53.46989402770996,0.8258533477783203
3,2,100,10,0.25,0.3,0.5,4,,G1.txt,98.71214728148658,99.1913282863042,11474.3,11530.0,59.47867851257324,0.9363083839416504
3,2,100,10,0.25,0.3,1.0,4,,G1.txt,98.62095664143152,98.9504473503097,11463.7,11502.0,52.90002555847168,0.8270981311798096
3,2,100,10,0.25,0.4,0.5,4,,G1.txt,98.63816242257398,99.01066758430832,11465.7,11509.0,57.72439956665039,0.8955237865447998
3,2,100,10,0.25,0.4,1.0,4,,G1.txt,98.6459050240881,98.92463867859601,11466.6,11499.0,65.4819107055664,0.9509899616241455
3,2,100,10,0.25,0.5,0.5,4,,G1.txt,98.56503785271852,99.04507914659325,11457.2,11513.0,61.065507125854495,0.9165029525756836
3,2,100,10,0.25,0.5,1.0,4,,G1.txt,98.68547832071576,99.13110805230558,11471.2,11523.0,53.539737701416016,0.8643631935119629
3,2,100,10,0.5,0.0,0.5,4,,G1.txt,97.67721954576737,98.68375774260151,11354.0,11471.0,45.749721908569335,0.7563796043395996
3,2,100,10,0.5,0.0,1.0,4,,G1.txt,97.46386785960082,98.36545079146593,11329.2,11434.0,53.474687576293945,0.8529198169708252
3,2,100,10,0.5,0.1,0.5,4,,G1.txt,97.61183757742602,98.02993805918788,11346.4,11395.0,58.31099891662598,0.9593119621276855
3,2,100,10,0.5,0.1,1.0,4,,G1.txt,97.71335168616655,98.39125946317962,11358.2,11437.0,52.604346084594724,0.8310368061065674
3,2,100,10,0.5,0.2,0.5,4,,G1.txt,97.82002752924983,98.2794218857536,11370.6,11424.0,55.45096893310547,0.8555359840393066
3,2,100,10,0.5,0.2,1.0,4,,G1.txt,97.82002752924983,98.36545079146593,11370.6,11434.0,50.2966812133789,0.8011140823364258
3,2,100,10,0.5,0.3,0.5,4,,G1.txt,97.53957329662767,97.84927735719202,11338.0,11374.0,56.20740737915039,0.848473310470581
3,2,100,10,0.5,0.3,1.0,4,,G1.txt,97.63248451479697,98.11596696490021,11348.8,11405.0,57.124617385864255,0.866370439529419
3,2,100,10,0.5,0.4,0.5,4,,G1.txt,97.49741913282863,98.11596696490021,11333.1,11405.0,47.91437454223633,0.7688231468200684
3,2,100,10,0.5,0.4,1.0,4,,G1.txt,97.60323468685478,98.18479008947006,11345.4,11413.0,57.457846069335936,0.8911724090576172
3,2,100,10,0.5,0.5,0.5,4,,G1.txt,97.67635925671026,98.1933929800413,11353.9,11414.0,47.5255744934082,0.759798526763916
3,2,100,10,0.5,0.5,1.0,4,,G1.txt,97.60323468685478,98.20199587061252,11345.4,11415.0,48.54925422668457,0.7723767757415771
3,2,100,10,0.0,0.0,0.5,4,,G22.txt,98.08294033984579,98.48042518152556,13102.9,13156.0,63.89084053039551,1.0539460182189941
3,2,100,10,0.0,0.0,1.0,4,,G22.txt,98.01557002769668,98.54030990343588,13093.9,13164.0,79.24936294555664,1.2002482414245605
3,2,100,10,0.0,0.1,0.5,4,,G22.txt,98.17052174563965,98.34568455722734,13114.6,13138.0,59.67781791687012,0.9991416931152344
3,2,100,10,0.0,0.1,1.0,4,,G22.txt,98.13758514858897,98.38311250842129,13110.2,13143.0,70.77894973754883,1.0951249599456787
3,2,100,10,0.0,0.2,0.5,4,,G22.txt,98.03203832622202,98.3756269181825,13096.1,13142.0,71.54004745483398,1.144228219985962
3,2,100,10,0.0,0.2,1.0,4,,G22.txt,98.06422636424882,98.44299723033161,13100.4,13151.0,71.75529861450195,1.1467485427856445
3,2,100,10,0.0,0.3,0.5,4,,G22.txt,97.98862190283704,98.17351598173516,13090.3,13115.0,66.64713859558105,1.0515599250793457
3,2,100,10,0.0,0.3,1.0,4,,G22.txt,98.0649749232727,98.63762257654017,13100.5,13177.0,79.11526107788086,1.2030761241912842
3,2,100,10,0.0,0.4,0.5,4,,G22.txt,97.94969683359533,98.8472191032263,13085.1,13205.0,67.56125526428222,1.0978517532348633
3,2,100,10,0.0,0.4,1.0,4,,G22.txt,97.84489857025227,98.54030990343588,13071.1,13164.0,92.10641632080078,1.346839427947998
3,2,100,10,0.0,0.5,0.5,4,,G22.txt,97.76929410884048,98.15854480125758,13061.0,13113.0,86.70220794677735,1.416783094406128
3,2,100,10,0.0,0.5,1.0,4,,G22.txt,97.86136686877761,98.21094393292911,13073.3,13120.0,103.48336029052734,1.6965272426605225
3,2,100,10,0.25,0.0,0.5,4,,G22.txt,97.86585822292088,98.26334306460065,13073.9,13127.0,75.44111099243165,1.2518689632415771
3,2,100,10,0.25,0.0,1.0,4,,G22.txt,97.93098285799836,98.16603039149636,13082.6,13114.0,82.26480407714844,1.3561999797821045
3,2,100,10,0.25,0.1,0.5,4,,G22.txt,97.90553185118647,98.38311250842129,13079.2,13143.0,64.68315925598145,1.0461807250976562
3,2,100,10,0.25,0.1,1.0,4,,G22.txt,98.05674077401002,98.41305486937645,13099.4,13147.0,87.26678771972657,1.3055388927459717
3,2,100,10,0.25,0.2,0.5,4,,G22.txt,97.92649150385508,98.17351598173516,13082.0,13115.0,66.22827911376953,1.0816161632537842
3,2,100,10,0.25,0.2,1.0,4,,G22.txt,97.91975447264016,98.27831424507822,13081.1,13129.0,76.0336296081543,1.2678842544555664
3,2,100,10,0.25,0.3,0.5,4,,G22.txt,97.85612695561045,98.09117448910847,13072.6,13104.0,62.042898941040036,1.0296862125396729
3,2,100,10,0.25,0.3,1.0,4,,G22.txt,97.89729770192379,98.3007710157946,13078.1,13132.0,71.44886703491211,1.1279842853546143
3,2,100,10,0.25,0.4,0.5,4,,G22.txt,97.80747061905831,98.03877535743693,13066.1,13097.0,62.889933013916014,1.04880690574646
3,2,100,10,0.25,0.4,1.0,4,,G22.txt,97.93098285799836,98.15105921101879,13082.6,13112.0,83.18817825317383,1.3797104358673096
3,2,100,10,0.25,0.5,0.5,4,,G22.txt,97.78426528931806,98.12860244030242,13063.0,13109.0,83.40251083374024,1.3261401653289795
3,2,100,10,0.25,0.5,1.0,4,,G22.txt,97.81720188636874,98.32322778651097,13067.4,13135.0,76.68464736938476,1.3337781429290771
3,2,100,10,0.5,0.0,0.5,4,,G22.txt,96.3979339770941,96.81113855827532,12877.8,12933.0,66.8276424407959,1.0689213275909424
3,2,100,10,0.5,0.0,1.0,4,,G22.txt,96.52518901115353,97.04319185567782,12894.8,12964.0,73.90942459106445,1.1627275943756104
3,2,100,10,0.5,0.1,0.5,4,,G22.txt,96.21004566210046,96.5192005389625,12852.7,12894.0,82.56314544677734,1.3057796955108643
3,2,100,10,0.5,0.1,1.0,4,,G22.txt,96.34553484542256,96.96833595328992,12870.8,12954.0,102.07691268920898,1.522216558456421
3,2,100,10,0.5,0.2,0.5,4,,G22.txt,96.47578411557751,97.0506774459166,12888.2,12965.0,85.53539543151855,1.312790870666504
3,2,100,10,0.5,0.2,1.0,4,,G22.txt,96.47578411557751,97.10307657758814,12888.2,12972.0,90.1383544921875,1.3375279903411865
3,2,100,10,0.5,0.3,0.5,4,,G22.txt,96.29912418594206,96.70634029493226,12864.6,12919.0,78.78976249694824,1.2183763980865479
3,2,100,10,0.5,0.3,1.0,4,,G22.txt,96.43910472340744,96.9009656411408,12883.3,12945.0,104.27151947021484,1.5565369129180908
3,2,100,10,0.5,0.4,0.5,4,,G22.txt,96.40092821318962,97.10307657758814,12878.2,12972.0,85.29066467285156,1.3947842121124268
3,2,100,10,0.5,0.4,1.0,4,,G22.txt,96.33131222396887,96.8186241485141,12868.9,12934.0,75.66592025756836,1.3437435626983643
3,2,100,10,0.5,0.5,0.5,4,,G22.txt,96.18908600943185,96.66142675349951,12849.9,12913.0,80.62232894897461,1.3333380222320557
3,2,100,10,0.5,0.5,1.0,4,,G22.txt,96.21603413429149,96.69885470469346,12853.5,12918.0,82.75378799438477,1.292431354522705
3,2,100,10,0.0,0.0,0.5,4,,G47.txt,98.16884482499624,98.5579089680036,6535.1,6561.0,49.3196159362793,0.8305740356445312
3,2,100,10,0.0,0.0,1.0,4,,G47.txt,98.08772720444645,98.51284362325372,6529.7,6558.0,55.08939552307129,0.9392991065979004
3,2,100,10,0.0,0.1,0.5,4,,G47.txt,98.20940363527114,98.72314856541986,6537.8,6572.0,55.34378890991211,0.8934519290924072
3,2,100,10,0.0,0.1,1.0,4,,G47.txt,98.40318461769566,98.79825747333634,6550.7,6577.0,60.87082633972168,0.9329957962036133
3,2,100,10,0.0,0.2,0.5,4,,G47.txt,98.27700165239598,98.70812678383656,6542.3,6571.0,57.48384017944336,0.9037759304046631
3,2,100,10,0.0,0.2,1.0,4,,G47.txt,98.12978819287967,98.45275649692053,6532.5,6554.0,69.64285354614258,1.0114850997924805
3,2,100,10,0.0,0.3,0.5,4,,G47.txt,98.15081868709629,98.72314856541986,6533.9,6572.0,57.777827453613284,0.8936741352081299
3,2,100,10,0.0,0.3,1.0,4,,G47.txt,98.38215412347904,98.88838816283611,6549.3,6583.0,60.826713943481444,0.9690475463867188
3,2,100,10,0.0,0.4,0.5,4,,G47.txt,97.96755295178008,98.42271293375394,6521.7,6552.0,66.00937919616699,0.9879248142242432
3,2,100,10,0.0,0.4,1.0,4,,G47.txt,98.21391016974613,98.60297431275349,6538.1,6564.0,60.87249870300293,0.9156501293182373
3,2,100,10,0.0,0.5,0.5,4,,G47.txt,98.00660958389665,98.42271293375394,6524.3,6552.0,58.470166015625,0.9877889156341553
3,2,100,10,0.0,0.5,1.0,4,,G47.txt,98.05317710680487,98.60297431275349,6527.4,6564.0,77.8948486328125,1.1521873474121094
3,2,100,10,0.25,0.0,0.5,4,,G47.txt,98.16433829052126,98.48280006008713,6534.8,6556.0,63.1976863861084,0.9558584690093994
3,2,100,10,0.25,0.0,1.0,4,,G47.txt,98.15232086525462,98.61799609433679,6534.0,6565.0,65.45323448181152,1.0219900608062744
3,2,100,10,0.25,0.1,0.5,4,,G47.txt,98.4407390716539,98.5879525311702,6553.2,6563.0,54.68158111572266,0.8998317718505859
3,2,100,10,0.25,0.1,1.0,4,,G47.txt,98.26197987081268,98.48280006008713,6541.3,6556.0,64.58477668762207,0.9752233028411865
3,2,100,10,0.25,0.2,0.5,4,,G47.txt,97.99008562415503,98.52786540483702,6523.2,6559.0,55.054300689697264,0.9209582805633545
3,2,100,10,0.25,0.2,1.0,4,,G47.txt,98.09824245155475,98.5579089680036,6530.4,6561.0,63.43853492736817,0.9673280715942383
3,2,100,10,0.25,0.3,0.5,4,,G47.txt,98.11777076761304,98.60297431275349,6531.7,6564.0,63.71829414367676,0.9539816379547119
3,2,100,10,0.25,0.3,1.0,4,,G47.txt,98.20489710079616,98.63301787592009,6537.5,6566.0,62.05959053039551,0.9920318126678467
3,2,100,10,0.25,0.4,0.5,4,,G47.txt,98.03064443442992,98.75319212858645,6525.9,6574.0,53.006207656860354,0.8477048873901367
3,2,100,10,0.25,0.4,1.0,4,,G47.txt,97.89845275649692,98.31756046267087,6517.1,6545.0,71.08810272216797,1.0438141822814941
3,2,100,10,0.25,0.5,0.5,4,,G47.txt,98.07570977917982,98.70812678383656,6528.9,6571.0,55.54337272644043,0.8571774959564209
3,2,100,10,0.25,0.5,1.0,4,,G47.txt,97.95553552651344,98.27249511792098,6520.9,6542.0,58.241011428833005,0.9154727458953857
3,2,100,10,0.5,0.0,0.5,4,,G47.txt,96.58855340243353,97.05573080967403,6429.9,6461.0,50.74349822998047,0.8081235885620117
3,2,100,10,0.5,0.0,1.0,4,,G47.txt,96.58404686795853,97.08577437284062,6429.6,6463.0,59.96616973876953,0.9134159088134766
3,2,100,10,0.5,0.1,0.5,4,,G47.txt,96.69220369535827,97.8368634520054,6436.8,6513.0,49.89006080627441,0.8312077522277832
3,2,100,10,0.5,0.1,1.0,4,,G47.txt,96.6786840919333,97.17590506234039,6435.9,6469.0,66.5219741821289,1.015533447265625
3,2,100,10,0.5,0.2,0.5,4,,G47.txt,96.8153823043413,97.71668919933904,6445.0,6505.0,55.47898902893066,0.8844168186187744
3,2,100,10,0.5,0.2,1.0,4,,G47.txt,96.62610785639177,97.44629713083972,6432.4,6487.0,57.85712013244629,0.8937885761260986
3,2,100,10,0.5,0.3,0.5,4,,G47.txt,96.69821240799159,97.5214060387562,6437.2,6492.0,77.19055061340332,1.1667985916137695
3,2,100,10,0.5,0.3,1.0,4,,G47.txt,96.6381252816584,97.40123178608982,6433.2,6484.0,62.813283157348636,1.0216827392578125
3,2,100,10,0.5,0.4,0.5,4,,G47.txt,96.53147063241701,97.5063842571729,6426.1,6491.0,56.14343070983887,0.8997700214385986
3,2,100,10,0.5,0.4,1.0,4,,G47.txt,96.66967102298332,97.29607931500676,6435.3,6477.0,60.732109451293944,0.9354972839355469
3,2,100,10,0.5,0.5,0.5,4,,G47.txt,96.62911221270842,97.46131891242301,6432.6,6488.0,54.23723526000977,0.8382501602172852
3,2,100,10,0.5,0.5,1.0,4,,G47.txt,96.35571578789245,97.23599218867358,6414.4,6473.0,60.51640243530274,0.9211182594299316
3,2,100,10,0.0,0.0,0.5,4,,G48.txt,92.89666666666666,93.76666666666667,5573.8,5626.0,100.42835845947266,1.6536195278167725
3,2,100,10,0.0,0.0,1.0,4,,G48.txt,93.21666666666667,94.33333333333333,5593.0,5660.0,136.6182662963867,2.057466745376587
3,2,100,10,0.0,0.1,0.5,4,,G48.txt,92.65,93.7,5559.0,5622.0,93.77531967163085,1.603473424911499
3,2,100,10,0.0,0.1,1.0,4,,G48.txt,92.94333333333333,94.1,5576.6,5646.0,116.61862030029297,1.904606580734253
3,2,100,10,0.0,0.2,0.5,4,,G48.txt,92.47,94.06666666666666,5548.2,5644.0,97.71386795043945,1.7317171096801758
3,2,100,10,0.0,0.2,1.0,4,,G48.txt,92.61333333333333,93.73333333333333,5556.8,5624.0,113.06992874145507,1.797544240951538
3,2,100,10,0.0,0.3,0.5,4,,G48.txt,92.02666666666667,92.73333333333333,5521.6,5564.0,93.40668411254883,1.567415475845337
3,2,100,10,0.0,0.3,1.0,4,,G48.txt,92.72333333333333,94.16666666666667,5563.4,5650.0,124.14175109863281,1.943223476409912
3,2,100,10,0.0,0.4,0.5,4,,G48.txt,92.01333333333334,92.83333333333333,5520.8,5570.0,93.89625854492188,1.5010735988616943
3,2,100,10,0.0,0.4,1.0,4,,G48.txt,91.66333333333333,92.5,5499.8,5550.0,136.21594924926757,1.9968078136444092
3,2,100,10,0.0,0.5,0.5,4,,G48.txt,91.67333333333333,93.5,5500.4,5610.0,82.6931053161621,1.3960673809051514
3,2,100,10,0.0,0.5,1.0,4,,G48.txt,91.36,92.66666666666667,5481.6,5560.0,106.7748176574707,1.681169033050537
3,2,100,10,0.25,0.0,0.5,4,,G48.txt,93.03333333333333,94.83333333333333,5582.0,5690.0,108.69095382690429,1.707028865814209
3,2,100,10,0.25,0.0,1.0,4,,G48.txt,92.89333333333333,93.76666666666667,5573.6,5626.0,108.22741394042968,1.7707886695861816
3,2,100,10,0.25,0.1,0.5,4,,G48.txt,92.45,93.73333333333333,5547.0,5624.0,92.66011581420898,1.5821270942687988
3,2,100,10,0.25,0.1,1.0,4,,G48.txt,92.95,93.73333333333333,5577.0,5624.0,103.87277450561524,1.7701900005340576
3,2,100,10,0.25,0.2,0.5,4,,G48.txt,92.63666666666667,94.03333333333333,5558.2,5642.0,82.1299934387207,1.4187953472137451
3,2,100,10,0.25,0.2,1.0,4,,G48.txt,92.38,92.9,5542.8,5574.0,107.24262771606445,1.6430115699768066
3,2,100,10,0.25,0.3,0.5,4,,G48.txt,92.10666666666667,93.96666666666667,5526.4,5638.0,94.86157150268555,1.5051357746124268
3,2,100,10,0.25,0.3,1.0,4,,G48.txt,92.29666666666667,93.83333333333333,5537.8,5630.0,100.55093154907226,1.6151185035705566
3,2,100,10,0.25,0.4,0.5,4,,G48.txt,92.34333333333333,93.6,5540.6,5616.0,83.35857315063477,1.3937199115753174
3,2,100,10,0.25,0.4,1.0,4,,G48.txt,92.2,93.16666666666667,5532.0,5590.0,100.54306564331054,1.6354238986968994
3,2,100,10,0.25,0.5,0.5,4,,G48.txt,91.60333333333334,92.06666666666666,5496.2,5524.0,90.77093658447265,1.5914831161499023
3,2,100,10,0.25,0.5,1.0,4,,G48.txt,91.24,92.36666666666666,5474.4,5542.0,111.26370468139649,1.789546012878418
3,2,100,10,0.5,0.0,0.5,4,,G48.txt,90.04666666666667,91.53333333333333,5402.8,5492.0,88.41461029052735,1.4792742729187012
3,2,100,10,0.5,0.0,1.0,4,,G48.txt,90.06333333333333,90.7,5403.8,5442.0,103.8329849243164,1.652700662612915
3,2,100,10,0.5,0.1,0.5,4,,G48.txt,89.66666666666667,90.4,5380.0,5424.0,91.93234939575196,1.492480993270874
3,2,100,10,0.5,0.1,1.0,4,,G48.txt,90.17,90.93333333333334,5410.2,5456.0,107.85225372314453,1.8083689212799072
3,2,100,10,0.5,0.2,0.5,4,,G48.txt,90.04333333333334,91.13333333333334,5402.6,5468.0,97.75261154174805,1.6146104335784912
3,2,100,10,0.5,0.2,1.0,4,,G48.txt,89.72,90.7,5383.2,5442.0,111.41659011840821,1.7108747959136963
3,2,100,10,0.5,0.3,0.5,4,,G48.txt,89.32666666666667,90.33333333333333,5359.6,5420.0,92.21537017822266,1.5019683837890625
3,2,100,10,0.5,0.3,1.0,4,,G48.txt,89.31,90.26666666666667,5358.6,5416.0,105.75874786376953,1.6263294219970703
3,2,100,10,0.5,0.4,0.5,4,,G48.txt,89.07333333333334,89.83333333333333,5344.4,5390.0,85.34570846557617,1.4406988620758057
3,2,100,10,0.5,0.4,1.0,4,,G48.txt,89.3,91.03333333333333,5358.0,5462.0,123.05333938598633,1.9428091049194336
3,2,100,10,0.5,0.5,0.5,4,,G48.txt,88.76666666666667,90.73333333333333,5326.0,5444.0,93.4827896118164,1.5474214553833008
3,2,100,10,0.5,0.5,1.0,4,,G48.txt,89.05666666666667,89.56666666666666,5343.4,5374.0,108.95557861328125,1.6951549053192139
3,2,100,10,0.0,0.0,0.5,4,,G55.txt,96.68123118749395,96.92203126517137,9957.2,9982.0,135.01876525878907,2.509913206100464
3,2,100,10,0.0,0.0,1.0,4,,G55.txt,96.70065054859697,96.87348286241382,9959.2,9977.0,173.32805786132812,2.8257503509521484
3,2,100,10,0.0,0.1,0.5,4,,G55.txt,96.70259248470725,97.02883775123799,9959.4,9993.0,132.30544891357422,2.4488320350646973
3,2,100,10,0.0,0.1,1.0,4,,G55.txt,96.7297795902515,97.3395475288863,9962.2,10025.0,158.6931915283203,2.8158342838287354
3,2,100,10,0.0,0.2,0.5,4,,G55.txt,96.55888921254491,97.00941839013497,9944.6,9991.0,127.70917739868165,2.3499903678894043
3,2,100,10,0.0,0.2,1.0,4,,G55.txt,96.52684726672491,96.83464414020779,9941.3,9973.0,166.2454574584961,2.9630236625671387
3,2,100,10,0.0,0.3,0.5,4,,G55.txt,96.35984076123896,96.70841829303816,9924.1,9960.0,124.91946945190429,2.459956407546997
3,2,100,10,0.0,0.3,1.0,4,,G55.txt,96.39770851538984,96.64045052917758,9928.0,9953.0,161.42049102783204,2.8742899894714355
3,2,100,10,0.0,0.4,0.5,4,,G55.txt,95.95591805029615,96.24235362656569,9882.5,9912.0,130.6258888244629,2.3946855068206787
3,2,100,10,0.0,0.4,1.0,4,,G55.txt,95.99281483639187,96.57248276531702,9886.3,9946.0,154.9121124267578,2.754196882247925
3,2,100,10,0.0,0.5,0.5,4,,G55.txt,95.69764054762598,96.2520633071172,9855.9,9913.0,140.65283660888673,2.517274856567383
3,2,100,10,0.0,0.5,1.0,4,,G55.txt,95.60734051849694,96.057869696087,9846.6,9893.0,154.64456176757812,2.706742525100708
3,2,100,10,0.25,0.0,0.5,4,,G55.txt,96.57442470142733,97.19390232061365,9946.2,10010.0,127.44905242919921,2.6046855449676514
3,2,100,10,0.25,0.0,1.0,4,,G55.txt,96.63753762501214,97.11622487620157,9952.7,10002.0,158.89913787841797,2.9598116874694824
3,2,100,10,0.25,0.1,0.5,4,,G55.txt,96.56374405282067,96.89290222351684,9945.1,9979.0,134.5460998535156,2.4355504512786865
3,2,100,10,0.25,0.1,1.0,4,,G55.txt,96.48897951257403,96.69870861248666,9937.4,9959.0,162.481787109375,2.704134464263916
3,2,100,10,0.25,0.2,0.5,4,,G55.txt,96.3015826779299,96.54335372366249,9918.1,9943.0,136.1699531555176,2.5265979766845703
3,2,100,10,0.25,0.2,1.0,4,,G55.txt,96.44916982231284,96.95116030682591,9933.3,9985.0,180.72677764892578,2.9237987995147705
3,2,100,10,0.25,0.3,0.5,4,,G55.txt,96.32682784736383,96.53364404311098,9920.7,9942.0,130.29637451171874,2.511918544769287
3,2,100,10,0.25,0.3,1.0,4,,G55.txt,96.2656568598893,96.92203126517137,9914.4,9982.0,155.2288619995117,2.626913070678711
3,2,100,10,0.25,0.4,0.5,4,,G55.txt,95.97048257112341,96.28119234877173,9884.0,9916.0,129.3286277770996,2.5709664821624756
3,2,100,10,0.25,0.4,1.0,4,,G55.txt,95.97727934750948,96.33945043208078,9884.7,9922.0,169.4019012451172,2.8706533908843994
3,2,100,10,0.25,0.5,0.5,4,,G55.txt,95.61510826293815,95.9510632100204,9847.4,9882.0,125.06709289550781,2.519674777984619
3,2,100,10,0.25,0.5,1.0,4,,G55.txt,95.53354694630546,95.78599864064472,9839.0,9865.0,160.60901947021483,2.8961641788482666
3,2,100,10,0.5,0.0,0.5,4,,G55.txt,94.24021749684434,94.49461112729391,9705.8,9732.0,133.90147552490234,2.469792366027832
3,2,100,10,0.5,0.0,1.0,4,,G55.txt,94.35187882318671,94.89270802990582,9717.3,9773.0,156.71476135253906,2.7243762016296387
3,2,100,10,0.5,0.1,0.5,4,,G55.txt,94.25186911350616,94.56257889115449,9707.0,9739.0,129.68515548706054,2.4289262294769287
3,2,100,10,0.5,0.1,1.0,4,,G55.txt,94.36061753568309,95.15486940479659,9718.2,9800.0,159.30918731689454,2.7974722385406494
3,2,100,10,0.5,0.2,0.5,4,,G55.txt,93.92076900669969,94.62083697446354,9672.9,9745.0,139.94864044189453,2.5504212379455566
3,2,100,10,0.5,0.2,1.0,4,,G55.txt,94.25769492183707,94.54315953005145,9707.6,9737.0,174.54468536376953,2.921640157699585
3,2,100,10,0.5,0.3,0.5,4,,G55.txt,93.80231090397128,94.40722400233032,9660.7,9723.0,130.82111206054688,2.397934913635254
3,2,100,10,0.5,0.3,1.0,4,,G55.txt,93.96252063307118,94.49461112729391,9677.2,9732.0,162.76863708496094,2.779226779937744
3,2,100,10,0.5,0.4,0.5,4,,G55.txt,93.63918827070589,94.11593358578503,9643.9,9693.0,131.10083694458007,2.5914828777313232
3,2,100,10,0.5,0.4,1.0,4,,G55.txt,93.6945334498495,94.09651422468201,9649.6,9691.0,160.8596160888672,2.985478639602661
3,2,100,10,0.5,0.5,0.5,4,,G55.txt,93.24012040003883,93.80522380813672,9602.8,9661.0,135.7721923828125,2.4594500064849854
3,2,100,10,0.5,0.5,1.0,4,,G55.txt,93.53723662491504,93.96057869696087,9633.4,9677.0,166.40306701660157,2.76058030128479
3,2,100,10,0.0,0.0,0.5,4,,G60.txt,96.78108260501833,97.08204116154496,13731.3,13774.0,175.30313262939453,4.266995429992676
3,2,100,10,0.0,0.0,1.0,4,,G60.txt,96.69720890893713,97.01155906399775,13719.4,13764.0,226.38424835205078,4.4019691944122314
3,2,100,10,0.0,0.1,0.5,4,,G60.txt,96.67113053284466,96.92698054694108,13715.7,13752.0,188.19078979492187,3.92261004447937
3,2,100,10,0.0,0.1,1.0,4,,G60.txt,96.62602199041443,96.9622215957147,13709.3,13757.0,222.42672271728514,4.367693901062012
3,2,100,10,0.0,0.2,0.5,4,,G60.txt,96.53650972652946,96.75782351282774,13696.6,13728.0,196.33375091552733,4.162794351577759
3,2,100,10,0.0,0.2,1.0,4,,G60.txt,96.59994361432196,96.98336622497885,13705.6,13760.0,231.81063995361328,4.599599123001099
3,2,100,10,0.0,0.3,0.5,4,,G60.txt,96.33563574851988,96.59571468846913,13668.1,13705.0,181.68062286376954,3.931684732437134
3,2,100,10,0.0,0.3,1.0,4,,G60.txt,96.38920214265576,96.77191993233718,13675.7,13730.0,226.52401428222657,4.339458465576172
3,2,100,10,0.0,0.4,0.5,4,,G60.txt,96.10234000563857,96.36312376656329,13635.0,13672.0,183.22769622802736,4.05617880821228
3,2,100,10,0.0,0.4,1.0,4,,G60.txt,96.12630391880462,96.40541302509163,13638.4,13678.0,241.29932556152343,4.671201944351196
3,2,100,10,0.0,0.5,0.5,4,,G60.txt,95.73653791936849,96.03185790809134,13583.1,13625.0,185.59821472167968,4.077890872955322
3,2,100,10,0.0,0.5,1.0,4,,G60.txt,95.56667606427968,95.92613476177051,13559.0,13610.0,228.6114028930664,4.662217140197754
3,2,100,10,0.25,0.0,0.5,4,,G60.txt,96.63166055821821,96.77191993233718,13710.1,13730.0,180.05636901855468,3.907341957092285
3,2,100,10,0.25,0.0,1.0,4,,G60.txt,96.47941922751622,96.82125740062024,13688.5,13737.0,229.49759521484376,4.738911390304565
3,2,100,10,0.25,0.1,0.5,4,,G60.txt,96.59571468846913,96.79306456160135,13705.0,13733.0,179.30301055908203,4.074563026428223
3,2,100,10,0.25,0.1,1.0,4,,G60.txt,96.61051592895404,96.99041443473358,13707.1,13761.0,228.69862365722656,4.570047616958618
3,2,100,10,0.25,0.2,0.5,4,,G60.txt,96.4413588948407,96.80011277135607,13683.1,13734.0,190.10619354248047,3.953890800476074
3,2,100,10,0.25,0.2,1.0,4,,G60.txt,96.40752748801805,96.65914857626163,13678.3,13714.0,228.3877960205078,4.792471885681152
3,2,100,10,0.25,0.3,0.5,4,,G60.txt,96.2411897378066,96.62390752748802,13654.7,13709.0,191.9668411254883,4.193893909454346
3,2,100,10,0.25,0.3,1.0,4,,G60.txt,96.14321962221595,96.53932901043135,13640.8,13697.0,226.62482757568358,4.337953567504883
3,2,100,10,0.25,0.4,0.5,4,,G60.txt,95.81195376374401,96.03890611784607,13593.8,13626.0,182.8621047973633,3.7178144454956055
3,2,100,10,0.25,0.4,1.0,4,,G60.txt,95.96419509444601,96.2714970397519,13615.4,13659.0,248.89179534912108,4.6664628982543945
3,2,100,10,0.25,0.5,0.5,4,,G60.txt,95.5532844657457,95.98252043980828,13557.1,13618.0,186.50641021728515,4.093075752258301
3,2,100,10,0.25,0.5,1.0,4,,G60.txt,95.54764589794192,95.92613476177051,13556.3,13610.0,234.80789794921876,4.902197360992432
3,2,100,10,0.5,0.0,0.5,4,,G60.txt,94.3529743445165,94.72793910346772,13386.8,13440.0,187.38522491455078,4.660013914108276
3,2,100,10,0.5,0.0,1.0,4,,G60.txt,94.45094446010714,94.73498731322245,13400.7,13441.0,227.33356628417968,4.582635402679443
3,2,100,10,0.5,0.1,0.5,4,,G60.txt,94.31068508598815,94.974626444883,13380.8,13475.0,177.33892822265625,3.73897123336792
3,2,100,10,0.5,0.1,1.0,4,,G60.txt,94.20425711869186,94.92528897659994,13365.7,13468.0,229.7784881591797,4.374110460281372
3,2,100,10,0.5,0.2,0.5,4,,G60.txt,94.09782915139554,94.74203552297716,13350.6,13442.0,191.4060546875,3.7464654445648193
3,2,100,10,0.5,0.2,1.0,4,,G60.txt,94.1725401747956,94.62221595714688,13361.2,13425.0,230.22705993652343,4.230168342590332
3,2,100,10,0.5,0.3,0.5,4,,G60.txt,93.97307583873696,94.73498731322245,13332.9,13441.0,185.33461151123046,3.79606556892395
3,2,100,10,0.5,0.3,1.0,4,,G60.txt,94.07386523822949,94.2486608401466,13347.2,13372.0,234.9751739501953,4.3948585987091064
3,2,100,10,0.5,0.4,0.5,4,,G60.txt,93.58753876515365,93.9314914011841,13278.2,13327.0,198.48418121337892,4.3008270263671875
3,2,100,10,0.5,0.4,1.0,4,,G60.txt,93.5459543276008,94.08655201578799,13272.3,13349.0,245.65152740478516,4.978526830673218
3,2,100,10,0.5,0.5,0.5,4,,G60.txt,93.37679729348746,93.69185226952354,13248.3,13293.0,192.00188293457032,4.276082277297974
3,2,100,10,0.5,0.5,1.0,4,,G60.txt,93.34437552861573,93.9032985621652,13243.7,13323.0,239.82545776367186,4.653616666793823
3,2,100,10,0.0,0.0,0.5,4,,G67.txt,92.24172661870503,92.71942446043165,6410.8,6444.0,290.0048583984375,6.837613821029663
3,2,100,10,0.0,0.0,1.0,4,,G67.txt,92.41151079136691,92.77697841726619,6422.6,6448.0,320.7446563720703,7.501415491104126
3,2,100,10,0.0,0.1,0.5,4,,G67.txt,92.12949640287769,92.54676258992805,6403.0,6432.0,271.4624771118164,6.765744686126709
3,2,100,10,0.0,0.1,1.0,4,,G67.txt,92.15539568345324,92.40287769784173,6404.8,6422.0,317.0748229980469,7.096719264984131
3,2,100,10,0.0,0.2,0.5,4,,G67.txt,91.9884892086331,92.5179856115108,6393.2,6430.0,275.6403060913086,6.297389030456543
3,2,100,10,0.0,0.2,1.0,4,,G67.txt,92.06043165467626,92.97841726618705,6398.2,6462.0,311.3349548339844,6.555732488632202
3,2,100,10,0.0,0.3,0.5,4,,G67.txt,91.43884892086331,92.20143884892086,6355.0,6408.0,273.74721374511716,6.3565216064453125
3,2,100,10,0.0,0.3,1.0,4,,G67.txt,91.53093525179857,92.0863309352518,6361.4,6400.0,318.781005859375,7.311704397201538
3,2,100,10,0.0,0.4,0.5,4,,G67.txt,90.8,91.53956834532374,6310.6,6362.0,255.4490509033203,6.632209062576294
3,2,100,10,0.0,0.4,1.0,4,,G67.txt,90.84892086330935,91.28057553956835,6314.0,6344.0,326.56227722167966,6.4964234828948975
3,2,100,10,0.0,0.5,0.5,4,,G67.txt,90.20431654676258,90.96402877697842,6269.2,6322.0,263.0600616455078,6.15470814704895
3,2,100,10,0.0,0.5,1.0,4,,G67.txt,89.97122302158273,90.99280575539568,6253.0,6324.0,307.0544097900391,7.93669867515564
3,2,100,10,0.25,0.0,0.5,4,,G67.txt,92.07194244604317,92.83453237410072,6399.0,6452.0,268.8423568725586,6.28681206703186
3,2,100,10,0.25,0.0,1.0,4,,G67.txt,92.27338129496403,92.60431654676259,6413.0,6436.0,312.31932678222654,6.623495578765869
3,2,100,10,0.25,0.1,0.5,4,,G67.txt,92.06906474820144,92.63309352517986,6398.8,6438.0,278.8900573730469,6.1868813037872314
3,2,100,10,0.25,0.1,1.0,4,,G67.txt,91.89640287769784,92.40287769784173,6386.8,6422.0,308.1980316162109,6.770062208175659
3,2,100,10,0.25,0.2,0.5,4,,G67.txt,91.6978417266187,92.0863309352518,6373.0,6400.0,268.5866394042969,6.371215105056763
3,2,100,10,0.25,0.2,1.0,4,,G67.txt,91.87338129496403,92.48920863309353,6385.2,6428.0,310.98670349121096,6.644237279891968
3,2,100,10,0.25,0.3,0.5,4,,G67.txt,91.15395683453238,91.71223021582733,6335.2,6374.0,260.2376190185547,6.047674655914307
3,2,100,10,0.25,0.3,1.0,4,,G67.txt,91.64604316546763,92.1726618705036,6369.4,6406.0,313.1368133544922,6.815103769302368
3,2,100,10,0.25,0.4,0.5,4,,G67.txt,90.53812949640287,91.07913669064749,6292.4,6330.0,268.4004898071289,6.764215707778931
3,2,100,10,0.25,0.4,1.0,4,,G67.txt,90.70791366906475,91.4820143884892,6304.2,6358.0,313.6271911621094,6.573582410812378
3,2,100,10,0.25,0.5,0.5,4,,G67.txt,90.00575539568345,91.02158273381295,6255.4,6326.0,269.41259613037107,6.923553705215454
3,2,100,10,0.25,0.5,1.0,4,,G67.txt,90.16690647482014,90.73381294964028,6266.6,6306.0,313.3678283691406,6.96783971786499
3,2,100,10,0.5,0.0,0.5,4,,G67.txt,87.2431654676259,87.88489208633094,6063.4,6108.0,270.40586547851564,7.026099681854248
3,2,100,10,0.5,0.0,1.0,4,,G67.txt,86.86618705035971,87.36690647482014,6037.2,6072.0,308.91587524414064,7.130625247955322
3,2,100,10,0.5,0.1,0.5,4,,G67.txt,86.69352517985611,87.39568345323741,6025.2,6074.0,268.86191711425784,7.2310779094696045
3,2,100,10,0.5,0.1,1.0,4,,G67.txt,86.69064748201438,87.4820143884892,6025.0,6080.0,308.6403747558594,6.459346055984497
3,2,100,10,0.5,0.2,0.5,4,,G67.txt,86.45755395683453,87.51079136690647,6008.8,6082.0,257.4433959960937,6.242589473724365
3,2,100,10,0.5,0.2,1.0,4,,G67.txt,86.69064748201438,88.0,6025.0,6116.0,319.4428375244141,7.082124710083008
3,2,100,10,0.5,0.3,0.5,4,,G67.txt,85.69496402877698,86.18705035971223,5955.8,5990.0,263.0169082641602,6.750338792800903
3,2,100,10,0.5,0.3,1.0,4,,G67.txt,85.75539568345324,86.4748201438849,5960.0,6010.0,306.1992218017578,7.006164312362671
3,2,100,10,0.5,0.4,0.5,4,,G67.txt,85.06762589928057,86.0431654676259,5912.2,5980.0,260.7082977294922,6.581419229507446
3,2,100,10,0.5,0.4,1.0,4,,G67.txt,85.09352517985612,85.72661870503597,5914.0,5958.0,306.8131866455078,6.901554584503174
3,2,100,10,0.5,0.5,0.5,4,,G67.txt,83.93956834532374,84.74820143884892,5833.8,5890.0,273.66481018066406,6.035660028457642
3,2,100,10,0.5,0.5,1.0,4,,G67.txt,84.23309352517985,85.03597122302158,5854.2,5910.0,311.57619018554686,6.523218393325806
3,2,100,10,0.0,0.0,0.5,4,,G77.txt,92.13926343328636,92.5337089957738,9156.8,9196.0,422.7795715332031,11.743816137313843
3,2,100,10,0.0,0.0,1.0,4,,G77.txt,92.31837391829342,92.97645401489233,9174.6,9240.0,517.2413391113281,12.575420618057251
3,2,100,10,0.0,0.1,0.5,4,,G77.txt,92.25397464278528,92.61420809015898,9168.2,9204.0,437.70806274414065,11.989259719848633
3,2,100,10,0.0,0.1,1.0,4,,G77.txt,92.26403702958343,92.5337089957738,9169.2,9196.0,521.858755493164,12.839186668395996
3,2,100,10,0.0,0.2,0.5,4,,G77.txt,91.81324210102636,92.19158784463674,9124.4,9162.0,449.6447326660156,12.249775171279907
3,2,100,10,0.0,0.2,1.0,4,,G77.txt,92.00040249547193,92.43308512779231,9143.0,9186.0,527.5600891113281,12.272104978561401
3,2,100,10,0.0,0.3,0.5,4,,G77.txt,91.56771986315154,91.8897162406923,9100.0,9132.0,437.46730651855466,11.744518995285034
3,2,100,10,0.0,0.3,1.0,4,,G77.txt,91.63211913865969,92.03058965586636,9106.4,9146.0,518.8936767578125,12.574968814849854
3,2,100,10,0.0,0.4,0.5,4,,G77.txt,90.96196417790298,91.66834373113302,9039.8,9110.0,443.2518737792969,11.747620344161987
3,2,100,10,0.0,0.4,1.0,4,,G77.txt,90.91165224391224,91.0847252968404,9034.8,9052.0,502.8166198730469,12.688476324081421
3,2,100,10,0.0,0.5,0.5,4,,G77.txt,90.23344737371704,90.78285369289596,8967.4,9022.0,431.65997009277345,11.322657823562622
3,2,100,10,0.0,0.5,1.0,4,,G77.txt,90.13483598309519,90.58160595693299,8957.6,9002.0,519.6385986328125,12.549509525299072
3,2,100,10,0.25,0.0,0.5,4,,G77.txt,91.923928355806,92.25196216542564,9135.4,9168.0,441.20928649902345,12.370855331420898
3,2,100,10,0.25,0.0,1.0,4,,G77.txt,92.21775005031193,92.59408331656269,9164.6,9202.0,514.9089111328125,13.039541244506836
3,2,100,10,0.25,0.1,0.5,4,,G77.txt,91.99839001811229,92.43308512779231,9142.8,9186.0,432.6733062744141,11.820959091186523
3,2,100,10,0.25,0.1,1.0,4,,G77.txt,92.1674381163212,92.65445763735158,9159.6,9208.0,503.1888885498047,12.791068077087402
3,2,100,10,0.25,0.2,0.5,4,,G77.txt,91.73073052928156,92.27208693902193,9116.2,9170.0,459.8265045166016,11.549662351608276
3,2,100,10,0.25,0.2,1.0,4,,G77.txt,91.65828134433488,92.41296035419602,9109.0,9184.0,534.1568817138672,12.905630588531494
3,2,100,10,0.25,0.3,0.5,4,,G77.txt,91.33829744415377,92.11108875025155,9077.2,9154.0,456.7601287841797,12.379772186279297
3,2,100,10,0.25,0.3,1.0,4,,G77.txt,91.52545783859931,91.95009056148119,9095.8,9138.0,507.4215393066406,13.045202255249023
3,2,100,10,0.25,0.4,0.5,4,,G77.txt,90.76876635137855,91.22559871201449,9020.6,9066.0,427.6169403076172,11.704472303390503
3,2,100,10,0.25,0.4,1.0,4,,G77.txt,90.82109076272891,91.50734554236264,9025.8,9094.0,507.66161193847654,13.322782516479492
3,2,100,10,0.25,0.5,0.5,4,,G77.txt,90.14691084725295,90.48098208895149,8958.8,8992.0,441.66221313476564,11.959421396255493
3,2,100,10,0.25,0.5,1.0,4,,G77.txt,90.11269873213926,90.4407325417589,8955.4,8988.0,510.503173828125,12.051835060119629
3,2,100,10,0.5,0.0,0.5,4,,G77.txt,86.89072247937212,87.44214127591064,8635.2,8690.0,440.1728271484375,12.138824939727783
3,2,100,10,0.5,0.0,1.0,4,,G77.txt,87.4179915475951,88.02575971020326,8687.6,8748.0,532.2034881591796,13.643093585968018
3,2,100,10,0.5,0.1,0.5,4,,G77.txt,87.02757093982692,87.92513584222178,8648.8,8738.0,450.9171600341797,12.269493579864502
3,2,100,10,0.5,0.1,1.0,4,,G77.txt,87.14429462668545,87.68363855906621,8660.4,8714.0,531.2503295898438,13.123210430145264
3,2,100,10,0.5,0.2,0.5,4,,G77.txt,86.50030187160394,87.32139263433287,8596.4,8678.0,429.48695678710936,11.953822374343872
3,2,100,10,0.5,0.2,1.0,4,,G77.txt,86.76192392835581,88.02575971020326,8622.4,8748.0,518.4777008056641,13.1710524559021
3,2,100,10,0.5,0.3,0.5,4,,G77.txt,85.83417186556652,86.85852284161803,8530.2,8632.0,460.29734802246094,12.317235708236694
3,2,100,10,0.5,0.3,1.0,4,,G77.txt,86.07365667136244,86.75789897363654,8554.0,8622.0,509.8717834472656,13.224853992462158
3,2,100,10,0.5,0.4,0.5,4,,G77.txt,85.39343932380761,86.3956530489032,8486.4,8586.0,428.1156768798828,11.665332555770874
3,2,100,10,0.5,0.4,1.0,4,,G77.txt,85.70537331455022,86.35540350171061,8517.4,8582.0,537.60322265625,13.462628364562988
3,2,100,10,0.5,0.5,0.5,4,,G77.txt,84.40732541758905,85.18816663312538,8388.4,8466.0,434.6065673828125,11.582024097442627
3,2,100,10,0.5,0.5,1.0,4,,G77.txt,84.28053934393238,84.92654457637352,8375.8,8440.0,521.9186859130859,13.570251226425171
3,2,100,10,0.0,0.0,0.5,4,,G81.txt,92.29783599088839,92.81036446469248,12966.0,13038.0,791.7541259765625,30.827406406402588
3,2,100,10,0.0,0.0,1.0,4,,G81.txt,92.21953302961276,92.68223234624146,12955.0,13020.0,984.3338195800782,60.708802223205566
3,2,100,10,0.0,0.1,0.5,4,,G81.txt,91.99316628701594,92.48291571753987,12923.2,12992.0,851.7867431640625,35.268699169158936
3,2,100,10,0.0,0.1,1.0,4,,G81.txt,92.12699316628702,92.61104783599089,12942.0,13010.0,1009.8652099609375,28.117989778518677
3,2,100,10,0.0,0.2,0.5,4,,G81.txt,,,,,,
3,2,100,10,0.0,0.2,1.0,4,,G81.txt,92.01736902050114,92.16970387243735,12926.6,12948.0,987.4635803222657,85.31376075744629
3,2,100,10,0.0,0.3,0.5,4,,G81.txt,91.3126423690205,91.82801822323462,12827.6,12900.0,802.9589172363281,56.354243993759155
3,2,100,10,0.0,0.3,1.0,4,,G81.txt,91.52761958997722,92.16970387243735,12857.8,12948.0,1001.3588317871094,51.79515266418457
3,2,100,10,0.0,0.4,0.5,4,,G81.txt,90.8997722095672,91.17312072892939,12769.6,12808.0,778.1517333984375,55.127503633499146
3,2,100,10,0.0,0.4,1.0,4,,G81.txt,90.82858769931663,91.0876993166287,12759.6,12796.0,1001.1896545410157,58.0783007144928
3,2,100,10,0.0,0.5,0.5,4,,G81.txt,90.20785876993166,90.5751708428246,12672.4,12724.0,845.8129150390625,25.629732131958008
3,2,100,10,0.0,0.5,1.0,4,,G81.txt,90.1993166287016,90.51822323462414,12671.2,12716.0,1030.0540893554687,27.69279980659485
3,2,100,10,0.25,0.0,0.5,4,,G81.txt,92.07858769931663,92.5256264236902,12935.2,12998.0,832.2778076171875,25.26650333404541
3,2,100,10,0.25,0.0,1.0,4,,G81.txt,92.18109339407745,92.59681093394077,12949.6,13008.0,1022.9996398925781,27.047556400299072
3,2,100,10,0.25,0.1,0.5,4,,G81.txt,92.05153758542141,92.625284738041,12931.4,13012.0,832.1311706542969,24.402580499649048
3,2,100,10,0.25,0.1,1.0,4,,G81.txt,92.14550113895217,92.53986332574031,12944.6,13000.0,989.0984619140625,63.12984585762024
3,2,100,10,0.25,0.2,0.5,4,,G81.txt,91.63012528473804,91.94191343963554,12872.2,12916.0,779.5929565429688,29.214354276657104
3,2,100,10,0.25,0.2,1.0,4,,G81.txt,91.78103644646924,92.09851936218679,12893.4,12938.0,1026.8469970703125,29.70195770263672
3,2,100,10,0.25,0.3,0.5,4,,G81.txt,91.32260820045558,91.77107061503416,12829.0,12892.0,818.242822265625,26.475112915039062
3,2,100,10,0.25,0.3,1.0,4,,G81.txt,91.2613895216401,91.500569476082,12820.4,12854.0,1022.1461486816406,28.30387854576111
3,2,100,10,0.25,0.4,0.5,4,,G81.txt,90.58656036446469,91.04498861047836,12725.6,12790.0,805.1583679199218,24.690858840942383
3,2,100,10,0.25,0.4,1.0,4,,G81.txt,91.00370159453303,91.4009111617312,12784.2,12840.0,1025.7827575683593,28.63853883743286
3,2,100,10,0.25,0.5,0.5,4,,G81.txt,90.04698177676538,90.78872437357631,12649.8,12754.0,787.8705627441407,63.938822984695435
3,2,100,10,0.25,0.5,1.0,4,,G81.txt,90.21355353075171,90.58940774487472,12673.2,12726.0,988.9339721679687,59.028252840042114
3,2,100,10,0.5,0.0,0.5,4,,G81.txt,87.00597949886105,87.64236902050114,12222.6,12312.0,829.6954956054688,26.79324746131897
3,2,100,10,0.5,0.0,1.0,4,,G81.txt,87.06719817767653,87.75626423690206,12231.2,12328.0,1049.3493041992188,28.149839878082275
3,2,100,10,0.5,0.1,0.5,4,,G81.txt,86.83513667425969,87.28644646924829,12198.6,12262.0,823.6667785644531,25.240431308746338
3,2,100,10,0.5,0.1,1.0,4,,G81.txt,86.85222095671982,87.24373576309794,12201.0,12256.0,1018.30234375,27.138965129852295
3,2,100,10,0.5,0.2,0.5,4,,G81.txt,86.2756264236902,86.93052391799544,12120.0,12212.0,825.2415832519531,24.52572226524353
3,2,100,10,0.5,0.2,1.0,4,,G81.txt,86.70700455580865,87.52847380410023,12180.6,12296.0,1032.3966491699218,27.237406253814697
3,2,100,10,0.5,0.3,0.5,4,,G81.txt,85.71184510250569,86.1617312072893,12040.8,12104.0,804.9260498046875,24.08965015411377
3,2,100,10,0.5,0.3,1.0,4,,G81.txt,85.9624145785877,86.75968109339408,12076.0,12188.0,1022.935400390625,27.35130023956299
3,2,100,10,0.5,0.4,0.5,4,,G81.txt,85.30324601366742,86.09054669703872,11983.4,12094.0,801.0588134765625,26.369362831115723
3,2,100,10,0.5,0.4,1.0,4,,G81.txt,85.36304100227791,85.9624145785877,11991.8,12076.0,988.9234924316406,59.00442314147949
3,2,100,10,0.5,0.5,0.5,4,,G81.txt,84.5615034168565,84.98006833712984,11879.2,11938.0,773.5919616699218,54.72995948791504
3,2,100,10,0.5,0.5,1.0,4,,G81.txt,84.66685649202734,85.49259681093395,11894.0,12010.0,998.6972473144531,58.57771944999695
4,2,100,10,0.0,0.0,0.5,,0.5,G1.txt,98.68375774260151,99.27735719201652,11471.0,11540.0,44.895616149902345,0.7766811847686768
4,2,100,10,0.0,0.0,1.0,,0.5,G1.txt,98.805918788713,99.0020646937371,11485.2,11508.0,49.25546569824219,0.9305086135864258
4,2,100,10,0.0,0.1,0.5,,0.5,G1.txt,98.73193392980042,98.9504473503097,11476.6,11502.0,44.68907470703125,0.7561454772949219
4,2,100,10,0.0,0.1,1.0,,0.5,G1.txt,98.75430144528562,98.96765313145217,11479.2,11504.0,48.94627914428711,0.9031057357788086
4,2,100,10,0.0,0.2,0.5,,0.5,G1.txt,98.70268410185822,98.92463867859601,11473.2,11499.0,53.352019500732425,0.8433382511138916
4,2,100,10,0.0,0.2,1.0,,0.5,G1.txt,98.65020646937371,98.78699242945629,11467.1,11483.0,57.06760025024414,0.9048621654510498
4,2,100,10,0.0,0.3,0.5,,0.5,G1.txt,98.65278733654507,99.17412250516173,11467.4,11528.0,55.18720664978027,0.8613734245300293
4,2,100,10,0.0,0.3,1.0,,0.5,G1.txt,98.60719201651754,98.92463867859601,11462.1,11499.0,52.95931816101074,0.8406181335449219
4,2,100,10,0.25,0.0,0.5,,0.5,G1.txt,98.64504473503096,99.03647625602203,11466.5,11512.0,48.46495666503906,0.7933311462402344
4,2,100,10,0.25,0.0,1.0,,0.5,G1.txt,98.67085340674467,99.32037164487268,11469.5,11545.0,47.764339447021484,0.7849740982055664
4,2,100,10,0.25,0.1,0.5,,0.5,G1.txt,98.65192704748796,98.9504473503097,11467.3,11502.0,70.71564559936523,1.0354275703430176
4,2,100,10,0.25,0.1,1.0,,0.5,G1.txt,98.55815554026152,98.93324156916724,11456.4,11500.0,66.66893424987794,1.0010120868682861
4,2,100,10,0.25,0.2,0.5,,0.5,G1.txt,98.62525808671714,98.90743289745355,11464.2,11497.0,53.87147483825684,0.8744077682495117
4,2,100,10,0.25,0.2,1.0,,0.5,G1.txt,98.67687543014453,98.8988300068823,11470.2,11496.0,50.70998001098633,0.8194048404693604
4,2,100,10,0.25,0.3,0.5,,0.5,G1.txt,98.70268410185822,99.07088781830696,11473.2,11516.0,45.005676651000975,0.7756950855255127
4,2,100,10,0.25,0.3,1.0,,0.5,G1.txt,98.58654507914659,98.99346180316586,11459.7,11507.0,52.86735038757324,0.83980393409729
4,2,100,10,0.5,0.0,0.5,,0.5,G1.txt,97.4406400550585,98.25361321403992,11326.5,11421.0,47.307766342163085,0.7815814018249512
4,2,100,10,0.5,0.0,1.0,,0.5,G1.txt,97.4888162422574,97.97832071576049,11332.1,11389.0,48.405961990356445,0.7985801696777344
4,2,100,10,0.5,0.1,0.5,,0.5,G1.txt,97.56710254645562,97.94390915347557,11341.2,11385.0,44.70862731933594,0.7815022468566895
4,2,100,10,0.5,0.1,1.0,,0.5,G1.txt,97.54731589814178,98.25361321403992,11338.9,11421.0,48.1583869934082,0.7966291904449463
4,2,100,10,0.5,0.2,0.5,,0.5,G1.txt,97.58000688231246,97.96111493461804,11342.7,11387.0,44.795162200927734,0.7550656795501709
4,2,100,10,0.5,0.2,1.0,,0.5,G1.txt,97.41397109428767,97.89229181004818,11323.4,11379.0,57.02140502929687,0.8946218490600586
4,2,100,10,0.5,0.3,0.5,,0.5,G1.txt,97.59549208534068,98.05574673090159,11344.5,11398.0,51.67378578186035,0.8247787952423096
4,2,100,10,0.5,0.3,1.0,,0.5,G1.txt,97.63678596008259,98.31383344803854,11349.3,11428.0,48.078525161743165,0.7900862693786621
4,2,100,10,0.0,0.0,0.5,,0.5,G22.txt,97.98413054869377,98.51036754248072,13089.7,13160.0,63.637577819824216,1.0804438591003418
4,2,100,10,0.0,0.0,1.0,,0.5,G22.txt,98.12036829103975,98.51036754248072,13107.9,13160.0,68.02357559204101,1.1062185764312744
4,2,100,10,0.0,0.1,0.5,,0.5,G22.txt,98.0866831349652,98.22591511340669,13103.4,13122.0,74.01990127563477,1.1593871116638184
4,2,100,10,0.0,0.1,1.0,,0.5,G22.txt,98.04850662474736,98.54779549367467,13098.3,13165.0,81.47707290649414,1.2379746437072754
4,2,100,10,0.0,0.2,0.5,,0.5,G22.txt,97.97664495845497,98.33819896698854,13088.7,13137.0,60.06988868713379,1.0373315811157227
4,2,100,10,0.0,0.2,1.0,,0.5,G22.txt,97.89130922973277,98.19597275245152,13077.3,13118.0,76.68899765014649,1.190882921218872
4,2,100,10,0.0,0.3,0.5,,0.5,G22.txt,97.91825735459241,98.17351598173516,13080.9,13115.0,60.56226921081543,1.0219578742980957
4,2,100,10,0.0,0.3,1.0,,0.5,G22.txt,98.00733587843402,98.3681413279437,13092.8,13141.0,66.94995193481445,1.093404769897461
4,2,100,10,0.25,0.0,0.5,,0.5,G22.txt,97.89130922973277,98.3756269181825,13077.3,13142.0,62.053672790527344,1.034491777420044
4,2,100,10,0.25,0.0,1.0,,0.5,G22.txt,97.89580058387604,98.18100157197395,13077.9,13116.0,67.18939437866212,1.10550856590271
4,2,100,10,0.25,0.1,0.5,,0.5,G22.txt,97.95194251066697,98.23340070364549,13085.4,13123.0,58.028374099731444,0.9947433471679688
4,2,100,10,0.25,0.1,1.0,,0.5,G22.txt,97.89056067070888,98.18848716221274,13077.2,13117.0,76.88152694702148,1.201523780822754
4,2,100,10,0.25,0.2,0.5,,0.5,G22.txt,97.80372782393891,98.02380417695936,13065.6,13095.0,64.77944908142089,1.0622608661651611
4,2,100,10,0.25,0.2,1.0,,0.5,G22.txt,97.84564712927614,97.9863762257654,13071.2,13090.0,74.05457305908203,1.1649329662322998
4,2,100,10,0.25,0.3,0.5,,0.5,G22.txt,97.81046485515382,97.92649150385508,13066.5,13082.0,58.436624145507814,0.9995546340942383
4,2,100,10,0.25,0.3,1.0,,0.5,G22.txt,98.18100157197395,98.57773785462983,13116.0,13169.0,70.31248931884765,1.1285407543182373
4,2,100,10,0.5,0.0,0.5,,0.5,G22.txt,96.33056366494498,96.71382588517105,12868.8,12920.0,64.86772155761719,1.071509838104248
4,2,100,10,0.5,0.0,1.0,,0.5,G22.txt,96.45632158095665,97.15547570925968,12885.6,12979.0,68.40009231567383,1.1154115200042725
4,2,100,10,0.5,0.1,0.5,,0.5,G22.txt,96.30586121715697,96.72131147540983,12865.5,12921.0,61.46575393676758,1.0350215435028076
4,2,100,10,0.5,0.1,1.0,,0.5,G22.txt,96.33954637323153,96.86353768994685,12870.0,12940.0,72.0624282836914,1.1589634418487549
4,2,100,10,0.5,0.2,0.5,,0.5,G22.txt,96.44958454974174,97.08061980687177,12884.7,12969.0,62.45066261291504,1.0450718402862549
4,2,100,10,0.5,0.2,1.0,,0.5,G22.txt,96.32158095665844,96.64645557302194,12867.6,12911.0,74.20608596801758,1.1780200004577637
4,2,100,10,0.5,0.3,0.5,,0.5,G22.txt,96.2729246201063,96.96085036305112,12861.1,12953.0,70.51575965881348,1.1319239139556885
4,2,100,10,0.5,0.3,1.0,,0.5,G22.txt,96.27517029717794,96.71382588517105,12861.4,12920.0,69.48072967529296,1.1247906684875488
4,2,100,10,0.0,0.0,0.5,,0.5,G47.txt,98.26197987081268,98.5729307495869,6541.3,6562.0,52.24930534362793,0.8488659858703613
4,2,100,10,0.0,0.0,1.0,,0.5,G47.txt,98.3040408592459,98.97851885233588,6544.1,6589.0,60.88294448852539,0.9401378631591797
4,2,100,10,0.0,0.1,0.5,,0.5,G47.txt,98.16283611236292,98.48280006008713,6534.7,6556.0,59.066358184814455,0.9294123649597168
4,2,100,10,0.0,0.1,1.0,,0.5,G47.txt,98.12828601472134,98.37764758900406,6532.4,6549.0,54.87049255371094,0.8759126663208008
4,2,100,10,0.0,0.2,0.5,,0.5,G47.txt,98.1868709628962,98.81327925491964,6536.3,6578.0,48.93990707397461,0.8108651638031006
4,2,100,10,0.0,0.2,1.0,,0.5,G47.txt,98.24094937659606,98.9484752891693,6539.9,6587.0,54.50349769592285,0.8682613372802734
4,2,100,10,0.0,0.3,0.5,,0.5,G47.txt,98.0501727504882,98.36262580742076,6527.2,6548.0,65.60805473327636,1.064990758895874
4,2,100,10,0.0,0.3,1.0,,0.5,G47.txt,98.24695808922938,98.75319212858645,6540.3,6574.0,53.63545265197754,0.8715744018554688
4,2,100,10,0.25,0.0,0.5,,0.5,G47.txt,98.23494066396275,98.64803965750338,6539.5,6567.0,56.512407302856445,0.8899037837982178
4,2,100,10,0.25,0.0,1.0,,0.5,G47.txt,98.08322066997145,98.37764758900406,6529.4,6549.0,63.61473922729492,0.964301586151123
4,2,100,10,0.25,0.1,0.5,,0.5,G47.txt,98.26047769265435,98.81327925491964,6541.2,6578.0,53.82563247680664,0.8600516319274902
4,2,100,10,0.25,0.1,1.0,,0.5,G47.txt,98.16133393420459,98.66306143908668,6534.6,6568.0,56.44931259155273,0.8806111812591553
4,2,100,10,0.25,0.2,0.5,,0.5,G47.txt,98.1463121526213,98.60297431275349,6533.6,6564.0,51.89175720214844,0.8393261432647705
4,2,100,10,0.25,0.2,1.0,,0.5,G47.txt,98.13429472735467,98.52786540483702,6532.8,6559.0,54.01362266540527,0.8654935359954834
4,2,100,10,0.25,0.3,0.5,,0.5,G47.txt,98.0291422562716,98.33258224425417,6525.8,6546.0,49.70134048461914,0.8231906890869141
4,2,100,10,0.25,0.3,1.0,,0.5,G47.txt,98.02313354363828,98.52786540483702,6525.4,6559.0,52.76703300476074,0.8457133769989014
4,2,100,10,0.5,0.0,0.5,,0.5,G47.txt,96.39777677632567,97.07075259125732,6417.2,6462.0,46.81806411743164,0.7823755741119385
4,2,100,10,0.5,0.0,1.0,,0.5,G47.txt,96.58104251164188,97.1158179360072,6429.4,6465.0,54.07760314941406,0.8666279315948486
4,2,100,10,0.5,0.1,0.5,,0.5,G47.txt,96.63061439086675,97.28105753342346,6432.7,6476.0,71.21179847717285,1.0370004177093506
4,2,100,10,0.5,0.1,1.0,,0.5,G47.txt,96.46687697160883,97.28105753342346,6421.8,6476.0,53.36709098815918,0.8538861274719238
4,2,100,10,0.5,0.2,0.5,,0.5,G47.txt,96.59005558059185,97.08577437284062,6430.0,6463.0,48.75240936279297,0.808739423751831
4,2,100,10,0.5,0.2,1.0,,0.5,G47.txt,96.72975814931651,97.59651494667267,6439.3,6497.0,54.731872177124025,0.8696005344390869
4,2,100,10,0.5,0.3,0.5,,0.5,G47.txt,96.56001201742527,97.1608832807571,6428.0,6468.0,48.84157104492188,0.8254282474517822
4,2,100,10,0.5,0.3,1.0,,0.5,G47.txt,96.535977166892,97.32612287817335,6426.4,6479.0,52.41148490905762,0.8450503349304199
4,2,100,10,0.0,0.0,0.5,,0.5,G48.txt,93.28333333333333,94.33333333333333,5597.0,5660.0,98.98520278930664,1.610558271408081
4,2,100,10,0.0,0.0,1.0,,0.5,G48.txt,93.26,94.6,5595.6,5676.0,99.49396133422852,1.591365098953247
4,2,100,10,0.0,0.1,0.5,,0.5,G48.txt,93.55,94.9,5613.0,5694.0,82.72163772583008,1.424274206161499
4,2,100,10,0.0,0.1,1.0,,0.5,G48.txt,93.64333333333333,95.06666666666666,5618.6,5704.0,99.64305877685547,1.6207242012023926
4,2,100,10,0.0,0.2,0.5,,0.5,G48.txt,93.64,95.06666666666666,5618.4,5704.0,105.8267807006836,1.6366372108459473
4,2,100,10,0.0,0.2,1.0,,0.5,G48.txt,93.47,94.5,5608.2,5670.0,109.62338638305664,1.6924011707305908
4,2,100,10,0.0,0.3,0.5,,0.5,G48.txt,92.8,93.53333333333333,5568.0,5612.0,85.3359619140625,1.438624382019043
4,2,100,10,0.0,0.3,1.0,,0.5,G48.txt,93.10666666666667,94.46666666666667,5586.4,5668.0,103.82612915039063,1.6444041728973389
4,2,100,10,0.25,0.0,0.5,,0.5,G48.txt,93.29,95.2,5597.4,5712.0,96.28824310302734,1.5645101070404053
4,2,100,10,0.25,0.0,1.0,,0.5,G48.txt,93.55,95.1,5613.0,5706.0,110.26189804077148,1.7185206413269043
4,2,100,10,0.25,0.1,0.5,,0.5,G48.txt,93.67333333333333,94.93333333333334,5620.4,5696.0,87.24054794311523,1.4766173362731934
4,2,100,10,0.25,0.1,1.0,,0.5,G48.txt,93.45,94.23333333333333,5607.0,5654.0,115.14568710327148,1.805250644683838
4,2,100,10,0.25,0.2,0.5,,0.5,G48.txt,93.13333333333334,94.26666666666667,5588.0,5656.0,85.65634841918946,1.4692683219909668
4,2,100,10,0.25,0.2,1.0,,0.5,G48.txt,93.32666666666667,94.73333333333333,5599.6,5684.0,114.15161590576172,1.7596526145935059
4,2,100,10,0.25,0.3,0.5,,0.5,G48.txt,92.65,93.63333333333334,5559.0,5618.0,104.86910476684571,1.6483938694000244
4,2,100,10,0.25,0.3,1.0,,0.5,G48.txt,92.82666666666667,93.9,5569.6,5634.0,101.34777221679687,1.6284356117248535
4,2,100,10,0.5,0.0,0.5,,0.5,G48.txt,90.16666666666667,90.83333333333333,5410.0,5450.0,86.65437393188476,1.4575328826904297
4,2,100,10,0.5,0.0,1.0,,0.5,G48.txt,90.45,91.23333333333333,5427.0,5474.0,116.62470474243165,1.8248889446258545
4,2,100,10,0.5,0.1,0.5,,0.5,G48.txt,90.14666666666666,91.33333333333333,5408.8,5480.0,82.50945358276367,1.4358439445495605
4,2,100,10,0.5,0.1,1.0,,0.5,G48.txt,90.23,91.53333333333333,5413.8,5492.0,119.35464553833008,1.851059913635254
4,2,100,10,0.5,0.2,0.5,,0.5,G48.txt,89.90333333333334,91.23333333333333,5394.2,5474.0,85.97316513061523,1.4837336540222168
4,2,100,10,0.5,0.2,1.0,,0.5,G48.txt,90.26,91.13333333333334,5415.6,5468.0,110.54289169311524,1.7927069664001465
4,2,100,10,0.5,0.3,0.5,,0.5,G48.txt,89.42,90.33333333333333,5365.2,5420.0,85.9557373046875,1.4856688976287842
4,2,100,10,0.5,0.3,1.0,,0.5,G48.txt,89.79666666666667,90.6,5387.8,5436.0,110.9036766052246,1.7056825160980225
4,2,100,10,0.0,0.0,0.5,,0.5,G55.txt,96.72395378192057,96.98028934848044,9961.6,9988.0,135.80712661743163,2.5468125343322754
4,2,100,10,0.0,0.0,1.0,,0.5,G55.txt,96.57733760559277,96.91232158461986,9946.5,9981.0,160.6437728881836,2.7111387252807617
4,2,100,10,0.0,0.1,0.5,,0.5,G55.txt,96.64821827361878,96.99970870958346,9953.8,9990.0,138.59714584350587,2.5480265617370605
4,2,100,10,0.0,0.1,1.0,,0.5,G55.txt,96.70356345276241,97.00941839013497,9959.5,9991.0,159.80518951416016,2.703779935836792
4,2,100,10,0.0,0.2,0.5,,0.5,G55.txt,96.52976017089038,96.87348286241382,9941.6,9977.0,124.31785507202149,2.34316349029541
4,2,100,10,0.0,0.2,1.0,,0.5,G55.txt,96.54238275560733,96.81522477910477,9942.9,9971.0,167.50760345458986,2.8163533210754395
4,2,100,10,0.0,0.3,0.5,,0.5,G55.txt,96.24332459462083,96.7472570152442,9912.1,9964.0,142.59576721191405,2.587700128555298
4,2,100,10,0.0,0.3,1.0,,0.5,G55.txt,96.366637537625,96.62103116807457,9924.8,9951.0,153.6847396850586,3.134014368057251
4,2,100,10,0.25,0.0,0.5,,0.5,G55.txt,96.47635692785707,96.88319254296533,9936.1,9978.0,134.59269180297852,2.558704376220703
4,2,100,10,0.25,0.0,1.0,,0.5,G55.txt,96.61035051946791,96.88319254296533,9949.9,9978.0,157.27334289550782,2.6785857677459717
4,2,100,10,0.25,0.1,0.5,,0.5,G55.txt,96.46956015147101,96.76667637634722,9935.4,9966.0,128.37457427978515,2.4194087982177734
4,2,100,10,0.25,0.1,1.0,,0.5,G55.txt,96.54820856393825,96.81522477910477,9943.5,9971.0,153.80047912597655,2.640455722808838
4,2,100,10,0.25,0.2,0.5,,0.5,G55.txt,96.41906981260318,96.7472570152442,9930.2,9964.0,126.2474235534668,2.3377602100372314
4,2,100,10,0.25,0.2,1.0,,0.5,G55.txt,96.39382464316924,96.69870861248666,9927.6,9959.0,160.36317138671876,2.75016713142395
4,2,100,10,0.25,0.3,0.5,,0.5,G55.txt,96.1112729391203,96.36857947373531,9898.5,9925.0,125.468505859375,2.3468430042266846
4,2,100,10,0.25,0.3,1.0,,0.5,G55.txt,96.24915040295176,97.07738615399553,9912.7,9998.0,156.83132781982422,2.6617672443389893
4,2,100,10,0.5,0.0,0.5,,0.5,G55.txt,94.21885619963103,94.84415962714827,9703.6,9768.0,130.23208312988282,2.446164608001709
4,2,100,10,0.5,0.0,1.0,,0.5,G55.txt,94.18875618992135,94.73735314108166,9700.5,9757.0,157.07047271728516,2.6810142993927
4,2,100,10,0.5,0.1,0.5,,0.5,G55.txt,93.8887270608797,94.572288571706,9669.6,9740.0,130.3323097229004,2.414696216583252
4,2,100,10,0.5,0.1,1.0,,0.5,G55.txt,94.07029808719292,94.59170793280902,9688.3,9742.0,169.62535095214844,2.8136773109436035
4,2,100,10,0.5,0.2,0.5,,0.5,G55.txt,93.97514321778813,94.39751432177881,9678.5,9722.0,123.70520324707032,2.3733255863189697
4,2,100,10,0.5,0.2,1.0,,0.5,G55.txt,94.19264006214196,94.75677250218467,9700.9,9759.0,150.66049041748047,2.6113698482513428
4,2,100,10,0.5,0.3,0.5,,0.5,G55.txt,93.83435284979124,94.30041751626372,9664.0,9712.0,137.69823532104493,2.4509201049804688
4,2,100,10,0.5,0.3,1.0,,0.5,G55.txt,94.03631420526264,94.50432080784542,9684.8,9733.0,162.19817352294922,2.749023914337158
4,2,100,10,0.0,0.0,0.5,,0.5,G60.txt,96.77262475331266,97.01155906399775,13730.1,13764.0,198.95755310058593,3.8951263427734375
4,2,100,10,0.0,0.0,1.0,,0.5,G60.txt,96.7310403157598,96.87764307865802,13724.2,13745.0,223.39263610839845,4.063096046447754
4,2,100,10,0.0,0.1,0.5,,0.5,G60.txt,96.61544967578236,97.03270369326191,13707.8,13767.0,204.98682250976563,3.8342349529266357
4,2,100,10,0.0,0.1,1.0,,0.5,G60.txt,96.64505215675219,97.08204116154496,13712.0,13774.0,224.7575942993164,4.049046754837036
4,2,100,10,0.0,0.2,0.5,,0.5,G60.txt,96.53510008457852,96.75782351282774,13696.4,13728.0,176.86290893554687,3.5355026721954346
4,2,100,10,0.0,0.2,1.0,,0.5,G60.txt,96.56117846067099,96.85649844939385,13700.1,13742.0,242.9116241455078,4.37647557258606
4,2,100,10,0.0,0.3,0.5,,0.5,G60.txt,96.4998590358049,96.98336622497885,13691.4,13760.0,180.62039184570312,3.5793018341064453
4,2,100,10,0.0,0.3,1.0,,0.5,G60.txt,96.44558782069355,96.6168593177333,13683.7,13708.0,227.43865051269532,4.174605846405029
4,2,100,10,0.25,0.0,0.5,,0.5,G60.txt,96.47800958556526,96.75782351282774,13688.3,13728.0,175.97837524414064,3.522038459777832
4,2,100,10,0.25,0.0,1.0,,0.5,G60.txt,96.58232308993516,96.85649844939385,13703.1,13742.0,224.978759765625,4.130943775177002
4,2,100,10,0.25,0.1,0.5,,0.5,G60.txt,96.51113617141246,96.9622215957147,13693.0,13757.0,171.97250518798828,3.4937291145324707
4,2,100,10,0.25,0.1,1.0,,0.5,G60.txt,96.5759797011559,96.82830561037497,13702.2,13738.0,242.5087448120117,4.45915961265564
4,2,100,10,0.25,0.2,0.5,,0.5,G60.txt,96.38003946997463,96.6168593177333,13674.4,13708.0,186.66400909423828,3.6424264907836914
4,2,100,10,0.25,0.2,1.0,,0.5,G60.txt,96.34056949534818,96.9622215957147,13668.8,13757.0,221.52000274658204,4.0951247215271
4,2,100,10,0.25,0.3,0.5,,0.5,G60.txt,96.26092472511982,96.46884691288413,13657.5,13687.0,174.214208984375,3.4998278617858887
4,2,100,10,0.25,0.3,1.0,,0.5,G60.txt,96.31731040315759,96.70848604454469,13665.5,13721.0,223.7495849609375,4.168543577194214
4,2,100,10,0.5,0.0,0.5,,0.5,G60.txt,94.21201014942204,94.5305892303355,13366.8,13412.0,182.46269683837892,3.6229803562164307
4,2,100,10,0.5,0.0,1.0,,0.5,G60.txt,94.19438962503524,94.89004792782633,13364.3,13463.0,228.59168548583983,4.180307388305664
4,2,100,10,0.5,0.1,0.5,,0.5,G60.txt,94.13800394699746,94.45305892303355,13356.3,13401.0,189.4489486694336,3.6921353340148926
4,2,100,10,0.5,0.1,1.0,,0.5,G60.txt,94.40583591767691,94.72793910346772,13394.3,13440.0,226.05384979248046,4.411308288574219
4,2,100,10,0.5,0.2,0.5,,0.5,G60.txt,93.98646743727093,94.48829997180717,13334.8,13406.0,193.95767211914062,4.549179553985596
4,2,100,10,0.5,0.2,1.0,,0.5,G60.txt,94.07245559627854,94.41781787425994,13347.0,13396.0,215.0615219116211,3.9633960723876953
4,2,100,10,0.5,0.3,0.5,,0.5,G60.txt,93.89906963631238,94.24161263039188,13322.4,13371.0,181.68679809570312,3.591431140899658
4,2,100,10,0.5,0.3,1.0,,0.5,G60.txt,93.84197913729912,94.20637158161827,13314.3,13366.0,233.40867767333984,4.149104356765747
4,2,100,10,0.0,0.0,0.5,,0.5,G67.txt,92.24172661870503,92.69064748201438,6410.8,6442.0,261.5642807006836,5.816357612609863
4,2,100,10,0.0,0.0,1.0,,0.5,G67.txt,92.61870503597122,93.12230215827338,6437.0,6472.0,308.6910339355469,6.318878173828125
4,2,100,10,0.0,0.1,0.5,,0.5,G67.txt,92.41151079136691,92.89208633093526,6422.6,6456.0,271.2837844848633,5.721145868301392
4,2,100,10,0.0,0.1,1.0,,0.5,G67.txt,92.71654676258993,93.15107913669065,6443.8,6474.0,307.67169494628905,6.28719425201416
4,2,100,10,0.0,0.2,0.5,,0.5,G67.txt,92.15827338129496,92.66187050359713,6405.0,6440.0,256.17330169677734,5.58774471282959
4,2,100,10,0.0,0.2,1.0,,0.5,G67.txt,92.3021582733813,92.92086330935251,6415.0,6458.0,315.28647766113284,6.368978977203369
4,2,100,10,0.0,0.3,0.5,,0.5,G67.txt,91.82158273381295,92.1726618705036,6381.6,6406.0,263.7895233154297,5.698066234588623
4,2,100,10,0.0,0.3,1.0,,0.5,G67.txt,91.73237410071943,92.02877697841727,6375.4,6396.0,318.6096527099609,6.382081985473633
4,2,100,10,0.25,0.0,0.5,,0.5,G67.txt,92.23021582733813,92.89208633093526,6410.0,6456.0,261.9586547851562,5.659184455871582
4,2,100,10,0.25,0.0,1.0,,0.5,G67.txt,92.5410071942446,93.17985611510791,6431.6,6476.0,307.67113037109374,6.338953495025635
4,2,100,10,0.25,0.1,0.5,,0.5,G67.txt,91.89928057553956,92.2589928057554,6387.0,6412.0,255.4599411010742,5.6141180992126465
4,2,100,10,0.25,0.1,1.0,,0.5,G67.txt,92.21007194244605,92.74820143884892,6408.6,6446.0,323.6999969482422,6.494736194610596
4,2,100,10,0.25,0.2,0.5,,0.5,G67.txt,91.6,92.14388489208633,6366.2,6404.0,270.9569839477539,5.719420909881592
4,2,100,10,0.25,0.2,1.0,,0.5,G67.txt,91.95971223021583,92.77697841726619,6391.2,6448.0,308.6373565673828,6.221622943878174
4,2,100,10,0.25,0.3,0.5,,0.5,G67.txt,91.2978417266187,91.94244604316546,6345.2,6390.0,253.73157806396483,5.574327230453491
4,2,100,10,0.25,0.3,1.0,,0.5,G67.txt,91.29208633093525,91.94244604316546,6344.8,6390.0,320.61188354492185,6.453469276428223
4,2,100,10,0.5,0.0,0.5,,0.5,G67.txt,83.84172661870504,84.71942446043165,5827.0,5888.0,252.55236358642577,5.572535037994385
4,2,100,10,0.5,0.0,1.0,,0.5,G67.txt,84.70791366906475,86.15827338129496,5887.2,5988.0,329.95293579101565,6.855550765991211
4,2,100,10,0.5,0.1,0.5,,0.5,G67.txt,84.01726618705035,85.17985611510791,5839.2,5920.0,248.76109619140624,7.058243751525879
4,2,100,10,0.5,0.1,1.0,,0.5,G67.txt,84.77410071942447,85.38129496402878,5891.8,5934.0,310.90977478027344,6.32270884513855
4,2,100,10,0.5,0.2,0.5,,0.5,G67.txt,84.10935251798561,85.49640287769785,5845.6,5942.0,256.376887512207,5.737130165100098
4,2,100,10,0.5,0.2,1.0,,0.5,G67.txt,84.3568345323741,85.66906474820144,5862.8,5954.0,325.70721435546875,6.459825754165649
4,2,100,10,0.5,0.3,0.5,,0.5,G67.txt,83.75827338129497,84.77697841726619,5821.2,5892.0,271.5172882080078,5.8804850578308105
4,2,100,10,0.5,0.3,1.0,,0.5,G67.txt,84.04892086330935,84.80575539568345,5841.4,5894.0,313.1400665283203,6.432699203491211
4,2,100,10,0.0,0.0,0.5,,0.5,G77.txt,92.41698530891527,92.87583014691084,9184.4,9230.0,455.9735565185547,11.068602800369263
4,2,100,10,0.0,0.0,1.0,,0.5,G77.txt,92.80539343932381,93.33869993962568,9223.0,9276.0,505.98230895996096,11.263673782348633
4,2,100,10,0.0,0.1,0.5,,0.5,G77.txt,92.40289796739786,92.75508150533307,9183.0,9218.0,439.4828582763672,12.2762291431427
4,2,100,10,0.0,0.1,1.0,,0.5,G77.txt,92.82149325820085,93.43932380760717,9224.6,9286.0,511.3262939453125,13.138381481170654
4,2,100,10,0.0,0.2,0.5,,0.5,G77.txt,92.04266452002416,92.5538337693701,9147.2,9198.0,441.0889953613281,10.679093599319458
4,2,100,10,0.0,0.2,1.0,,0.5,G77.txt,92.44918494666935,93.05695310927752,9187.6,9248.0,535.0290069580078,11.814054727554321
4,2,100,10,0.0,0.3,0.5,,0.5,G77.txt,91.64821895753673,92.19158784463674,9108.0,9162.0,459.9642608642578,10.932711362838745
4,2,100,10,0.0,0.3,1.0,,0.5,G77.txt,92.0466894747434,92.5538337693701,9147.6,9198.0,516.7706909179688,12.599453687667847
4,2,100,10,0.25,0.0,0.5,,0.5,G77.txt,92.10102636345341,92.73495673173677,9153.0,9216.0,440.4591583251953,11.118548154830933
4,2,100,10,0.25,0.0,1.0,,0.5,G77.txt,92.42704769571343,92.69470718454417,9185.4,9212.0,525.1216979980469,11.667642831802368
4,2,100,10,0.25,0.1,0.5,,0.5,G77.txt,91.96216542563897,92.5337089957738,9139.2,9196.0,452.39653930664065,11.7381591796875
4,2,100,10,0.25,0.1,1.0,,0.5,G77.txt,92.35862346548602,92.93620446769974,9178.6,9236.0,549.9047180175781,12.42516279220581
4,2,100,10,0.25,0.2,0.5,,0.5,G77.txt,91.84946669349969,92.33246125981083,9128.0,9176.0,443.1609619140625,11.513270854949951
4,2,100,10,0.25,0.2,1.0,,0.5,G77.txt,92.2358623465486,92.59408331656269,9166.4,9202.0,513.6669097900391,11.91695761680603
4,2,100,10,0.25,0.3,0.5,,0.5,G77.txt,91.45300865365265,92.05071442946267,9088.6,9148.0,453.2317657470703,10.796700477600098
4,2,100,10,0.25,0.3,1.0,,0.5,G77.txt,91.69249345944858,92.05071442946267,9112.4,9148.0,513.6298736572265,12.411035776138306
4,2,100,10,0.5,0.0,0.5,,0.5,G77.txt,84.19802777218756,85.04729321795129,8367.6,8452.0,451.9861145019531,11.062362670898438
4,2,100,10,0.5,0.0,1.0,,0.5,G77.txt,85.15194204065205,86.09378144495875,8462.4,8556.0,520.5751220703125,11.505913734436035
4,2,100,10,0.5,0.1,0.5,,0.5,G77.txt,84.46769973837795,85.44978868987724,8394.4,8492.0,436.15955810546876,12.185702085494995
4,2,100,10,0.5,0.1,1.0,,0.5,G77.txt,84.99094385188167,85.87240893539948,8446.4,8534.0,541.5583312988281,12.13352370262146
4,2,100,10,0.5,0.2,0.5,,0.5,G77.txt,83.95451801167236,85.027168444355,8343.4,8450.0,458.88343505859376,10.937119245529175
4,2,100,10,0.5,0.2,1.0,,0.5,G77.txt,84.59247333467498,85.59066210505132,8406.8,8506.0,535.6899963378906,11.603322505950928
4,2,100,10,0.5,0.3,0.5,,0.5,G77.txt,83.84181927953311,85.26866572751057,8332.2,8474.0,441.3118621826172,11.484029054641724
4,2,100,10,0.5,0.3,1.0,,0.5,G77.txt,84.26645200241498,84.78567116119943,8374.4,8426.0,513.4970825195312,11.96306300163269
4,2,100,10,0.0,0.0,0.5,,0.5,G81.txt,92.51566059225513,92.89578587699317,12996.6,13050.0,795.3234924316406,25.64605712890625
4,2,100,10,0.0,0.0,1.0,,0.5,G81.txt,92.750569476082,92.99544419134396,13029.6,13064.0,1029.009588623047,27.546745538711548
4,2,100,10,0.0,0.1,0.5,,0.5,G81.txt,92.30922551252847,92.98120728929385,12967.6,13062.0,849.9264587402344,25.627164125442505
4,2,100,10,0.0,0.1,1.0,,0.5,G81.txt,92.6124715261959,93.19476082004556,13010.2,13092.0,1029.3610534667969,28.095921993255615
4,2,100,10,0.0,0.2,0.5,,0.5,G81.txt,92.06862186788155,92.29783599088839,12933.8,12966.0,773.3228576660156,54.53569316864014
4,2,100,10,0.0,0.2,1.0,,0.5,G81.txt,92.30922551252847,92.78189066059225,12967.6,13034.0,1059.740966796875,28.52084493637085
4,2,100,10,0.0,0.3,0.5,,0.5,G81.txt,91.66429384965832,91.85649202733485,12877.0,12904.0,852.399267578125,24.946913242340088
4,2,100,10,0.0,0.3,1.0,,0.5,G81.txt,91.88923690205011,92.2124145785877,12908.6,12954.0,1036.2453552246093,26.684763431549072
4,2,100,10,0.25,0.0,0.5,,0.5,G81.txt,92.05296127562643,92.55410022779043,12931.6,13002.0,824.0096801757812,24.691393852233887
4,2,100,10,0.25,0.0,1.0,,0.5,G81.txt,92.47294988610479,92.78189066059225,12990.6,13034.0,1031.9457946777343,26.173290491104126
4,2,100,10,0.25,0.1,0.5,,0.5,G81.txt,91.96469248291572,92.49715261958998,12919.2,12994.0,811.458642578125,26.002678632736206
4,2,100,10,0.25,0.1,1.0,,0.5,G81.txt,92.33342824601367,92.68223234624146,12971.0,13020.0,1017.1507629394531,31.044920444488525
4,2,100,10,0.25,0.2,0.5,,0.5,G81.txt,91.7625284738041,92.14123006833712,12890.8,12944.0,825.8523132324219,27.204787015914917
4,2,100,10,0.25,0.2,1.0,,0.5,G81.txt,92.05153758542141,92.58257403189066,12931.4,13006.0,1025.6931762695312,29.334178686141968
4,2,100,10,0.25,0.3,0.5,,0.5,G81.txt,91.32118451025057,91.62870159453303,12828.8,12872.0,829.8912475585937,27.287556409835815
4,2,100,10,0.25,0.3,1.0,,0.5,G81.txt,91.49345102505694,91.91343963553531,12853.0,12912.0,989.0204650878907,60.80441689491272
4,2,100,10,0.5,0.0,0.5,,0.5,G81.txt,84.34652619589977,85.250569476082,11849.0,11976.0,852.5528564453125,25.349109411239624
4,2,100,10,0.5,0.0,1.0,,0.5,G81.txt,84.92596810933941,85.60649202733485,11930.4,12026.0,1040.6964233398437,27.692759037017822
4,2,100,10,0.5,0.1,0.5,,0.5,G81.txt,84.3123576309795,84.75227790432803,11844.2,11906.0,807.657763671875,23.926052570343018
4,2,100,10,0.5,0.1,1.0,,0.5,G81.txt,84.874715261959,85.4498861047836,11923.2,12004.0,1038.7906494140625,27.416248083114624
4,2,100,10,0.5,0.2,0.5,,0.5,G81.txt,84.25256264236901,85.00854214123007,11835.8,11942.0,822.9625854492188,24.338764667510986
4,2,100,10,0.5,0.2,1.0,,0.5,G81.txt,84.46042141230069,84.90888382687928,11865.0,11928.0,1025.2672607421875,26.94969391822815
4,2,100,10,0.5,0.3,0.5,,0.5,G81.txt,83.75427107061503,84.35364464692483,11765.8,11850.0,802.66240234375,55.34884238243103
4,2,100,10,0.5,0.3,1.0,,0.5,G81.txt,84.3878132118451,84.98006833712984,11854.8,11938.0,1007.9289306640625,66.91419911384583
