Gset,number of edges,edge value,edge type,best-known value,mean_cut_value,max_cut_value,min_cut_value,std_cut,n_rnd,I0_min,I0_max,ratio of mean/best,ratio of max/best,1 annealing_time [ms],Total time [s],mean_range,stall_prop,l_scale,d_scale,n_scale
G1,800,unipolar,random,11624,11518.2,11540,11497,12.6473536977328,4.656917354244709,0.01448361,1.448361,99.08981417756367,99.27735719201652,55.073385620117186,0.9779174327850342,4,0.5,0.0,0.0,1.0
G1,800,unipolar,random,11624,11523.5,11589,11489,29.71438110485299,4.656917354244709,0.01448361,1.448361,99.1354094975912,99.69889883000688,49.41872634887695,0.7761054039001465,4,0.5,0.0,0.0,1.5
G1,800,unipolar,random,11624,11536.9,11557,11497,16.34659325704017,4.656917354244709,0.01448361,1.448361,99.2506882312457,99.42360633172746,54.835276412963864,0.8439300060272217,4,0.5,0.0,0.0,2.0
G1,800,unipolar,random,11624,11518.1,11555,11481,24.05756984125094,4.656917354244709,0.01448361,1.448361,99.08895388850654,99.40640055058499,47.88479995727539,0.7611157894134521,4,0.5,0.0,0.1,1.0
G1,800,unipolar,random,11624,11516.7,11560,11472,27.051596790002783,4.656917354244709,0.01448361,1.448361,99.07690984170681,99.44941500344116,62.46556549072265,0.9251446723937988,4,0.5,0.0,0.1,1.5
G1,800,unipolar,random,11624,11526.9,11562,11491,19.479048573617074,4.656917354244709,0.01448361,1.448361,99.16465932553338,99.46662078458363,61.41971549987793,0.919769287109375,4,0.5,0.0,0.1,2.0
G1,800,unipolar,random,11624,11516.2,11559,11492,20.54155679483801,4.656917354244709,0.01448361,1.448361,99.0726083964212,99.44081211286992,47.890202331542966,0.8881757259368896,4,0.5,0.0,0.2,1.0
G1,800,unipolar,random,11624,11525.9,11584,11484,28.321370023358686,4.656917354244709,0.01448361,1.448361,99.15605643496215,99.65588437715073,64.96758689880372,0.9560167789459229,4,0.5,0.0,0.2,1.5
G1,800,unipolar,random,11624,11522.4,11567,11475,29.018002075340135,4.656917354244709,0.01448361,1.448361,99.12594631796284,99.50963523743978,57.62904396057129,0.869722843170166,4,0.5,0.0,0.2,2.0
G1,800,unipolar,random,11624,11528.0,11575,11492,25.99572614446032,4.656917354244709,0.01448361,1.448361,99.17412250516173,99.57845836200964,66.65973472595215,1.0155179500579834,4,0.5,0.25,0.0,1.0
G1,800,unipolar,random,11624,11521.0,11550,11492,19.927646903513498,4.656917354244709,0.01448361,1.448361,99.11390227116311,99.36338609772884,46.52925109863281,0.7950057983398438,4,0.5,0.25,0.0,1.5
G1,800,unipolar,random,11624,11526.4,11561,11491,20.05658661554021,4.656917354244709,0.01448361,1.448361,99.16035788024776,99.45801789401239,58.77892417907715,0.8731157779693604,4,0.5,0.25,0.0,2.0
G1,800,unipolar,random,11624,11516.8,11567,11488,28.98198674272617,4.656917354244709,0.01448361,1.448361,99.07777013076394,99.50963523743978,54.24289665222168,0.9226257801055908,4,0.5,0.25,0.1,1.0
G1,800,unipolar,random,11624,11517.2,11573,11486,29.67527964859341,4.656917354244709,0.01448361,1.448361,99.08121128699243,99.56125258086718,59.39881553649902,0.8849003314971924,4,0.5,0.25,0.1,1.5
G1,800,unipolar,random,11624,11524.0,11562,11494,20.22649527503742,4.656917354244709,0.01448361,1.448361,99.1397109428768,99.46662078458363,50.96937866210938,0.7983670234680176,4,0.5,0.25,0.1,2.0
G1,800,unipolar,random,11624,11525.9,11568,11497,21.55844768685043,4.656917354244709,0.01448361,1.448361,99.15605643496215,99.518238128011,55.780303192138675,0.8459641933441162,4,0.5,0.25,0.2,1.0
G1,800,unipolar,random,11624,11515.2,11600,11476,38.458635787904214,4.656917354244709,0.01448361,1.448361,99.06400550584996,99.79353062629043,57.09702072143555,0.8692147731781006,4,0.5,0.25,0.2,1.5
G1,800,unipolar,random,11624,11515.9,11547,11491,18.033610595527207,4.656917354244709,0.01448361,1.448361,99.07002752924983,99.33757742601514,69.88513984680176,1.0291526317596436,4,0.5,0.25,0.2,2.0
G1,800,unipolar,random,11624,11348.2,11408,11249,49.278798686656316,4.656917354244709,0.01448361,1.448361,97.62732278045424,98.1417756366139,73.00688667297364,1.0446131229400635,4,0.5,0.5,0.0,1.0
G1,800,unipolar,random,11624,11411.1,11474,11365,33.264762804572115,4.656917354244709,0.01448361,1.448361,98.16844459738472,98.7095664143152,59.60660820007324,0.9094247817993164,4,0.5,0.5,0.0,1.5
G1,800,unipolar,random,11624,11406.5,11449,11349,30.729103107278902,4.656917354244709,0.01448361,1.448361,98.12887130075705,98.49449415003441,54.417820358276366,0.8485898971557617,4,0.5,0.5,0.0,2.0
G1,800,unipolar,random,11624,11375.4,11439,11292,50.53315743153202,4.656917354244709,0.01448361,1.448361,97.86132140399174,98.40846524432209,48.46602210998535,0.7896945476531982,4,0.5,0.5,0.1,1.0
G1,800,unipolar,random,11624,11388.5,11432,11344,26.705180521139837,4.656917354244709,0.01448361,1.448361,97.97401927047488,98.34824501032347,57.618431091308594,0.8850967884063721,4,0.5,0.5,0.1,1.5
G1,800,unipolar,random,11624,11386.3,11447,11345,33.829802771455164,4.656917354244709,0.01448361,1.448361,97.95509291121817,98.47728836889195,58.856780242919925,0.8904194831848145,4,0.5,0.5,0.1,2.0
G1,800,unipolar,random,11624,11374.8,11430,11314,36.62967831326578,4.656917354244709,0.01448361,1.448361,97.856159669649,98.331039229181,53.58037796020508,0.8577954769134521,4,0.5,0.5,0.2,1.0
G1,800,unipolar,random,11624,11388.5,11442,11332,37.46183242833816,4.656917354244709,0.01448361,1.448361,97.97401927047488,98.43427391603579,53.03877143859863,0.8303849697113037,4,0.5,0.5,0.2,1.5
G1,800,unipolar,random,11624,11379.2,11434,11347,30.16546958950839,4.656917354244709,0.01448361,1.448361,97.89401238816242,98.36545079146593,50.54000701904297,0.7897205352783203,4,0.5,0.5,0.2,2.0
G1,800,unipolar,random,11624,11514.7,11561,11471,22.410562985639906,4.656917354244709,0.01448361,1.448361,99.05970406056434,99.45801789401239,71.92330474853516,1.6995139122009277,4,0.5,0.0,0.0,1.0
G1,800,unipolar,random,11624,11528.2,11548,11513,12.830519171967369,4.656917354244709,0.01448361,1.448361,99.17584308327598,99.34618031658637,77.75191307067871,1.3787429332733154,4,0.5,0.0,0.0,1.5
G1,800,unipolar,random,11624,11534.0,11606,11505,29.548453616240412,4.656917354244709,0.01448361,1.448361,99.22573984858913,99.84514796971783,88.87619857788086,1.4422502517700195,4,0.5,0.0,0.0,2.0
G1,800,unipolar,random,11624,11521.0,11539,11484,19.160143817599884,4.656917354244709,0.01448361,1.448361,99.11390227116311,99.26875430144528,67.53183288574219,1.1742417812347412,4,0.5,0.0,0.1,1.0
G1,800,unipolar,random,11624,11542.2,11580,11498,21.30623278657106,4.656917354244709,0.01448361,1.448361,99.29628355127323,99.6214728148658,80.42074584960938,1.384847640991211,4,0.5,0.0,0.1,1.5
G1,800,unipolar,random,11624,11534.1,11553,11509,15.3727753584778,4.656917354244709,0.01448361,1.448361,99.22660013764624,99.38919476944254,82.1402374267578,1.3628764152526855,4,0.5,0.0,0.1,2.0
G1,800,unipolar,random,11624,11529.2,11560,11505,19.57776516584283,4.656917354244709,0.01448361,1.448361,99.18444597384722,99.44941500344116,80.03082237243652,1.2816014289855957,4,0.5,0.0,0.2,1.0
G1,800,unipolar,random,11624,11538.5,11577,11510,19.710403344427025,4.656917354244709,0.01448361,1.448361,99.26445285615966,99.59566414315209,76.51257934570313,1.257828950881958,4,0.5,0.0,0.2,1.5
G1,800,unipolar,random,11624,11525.6,11543,11503,12.738393409950357,4.656917354244709,0.01448361,1.448361,99.15347556779078,99.30316586373021,78.82433395385742,1.3212366104125977,4,0.5,0.0,0.2,2.0
G1,800,unipolar,random,11624,11513.0,11544,11498,14.220486005134362,4.656917354244709,0.01448361,1.448361,99.04507914659325,99.31176875430144,70.64766960144043,1.2716295719146729,4,0.5,0.25,0.0,1.0
G1,800,unipolar,random,11624,11528.5,11573,11492,27.27330807462368,4.656917354244709,0.01448361,1.448361,99.17842395044735,99.56125258086718,77.14748077392578,1.3111083507537842,4,0.5,0.25,0.0,1.5
G1,800,unipolar,random,11624,11524.1,11560,11497,21.88073734284717,4.656917354244709,0.01448361,1.448361,99.14057123193393,99.44941500344116,77.7598690032959,1.3723604679107666,4,0.5,0.25,0.0,2.0
G1,800,unipolar,random,11624,11525.2,11569,11493,23.451131221234416,4.656917354244709,0.01448361,1.448361,99.15003441156229,99.52684101858225,74.75945281982422,1.3946685791015625,4,0.5,0.25,0.1,1.0
G1,800,unipolar,random,11624,11527.9,11556,11497,19.10468238126164,4.656917354244709,0.01448361,1.448361,99.17326221610462,99.41500344115623,76.42375602722169,1.3427913188934326,4,0.5,0.25,0.1,1.5
G1,800,unipolar,random,11624,11524.6,11555,11496,20.205609782104244,4.656917354244709,0.01448361,1.448361,99.14487267721955,99.40640055058499,74.37809295654297,1.300642490386963,4,0.5,0.25,0.1,2.0
G1,800,unipolar,random,11624,11525.2,11544,11507,12.35403667722507,4.656917354244709,0.01448361,1.448361,99.15003441156229,99.31176875430144,75.58151893615722,0.5530147552490234,4,0.5,0.25,0.2,1.0
G1,800,unipolar,random,11624,11519.7,11556,11479,25.512741914580644,4.656917354244709,0.01448361,1.448361,99.10271851342051,99.41500344115623,72.8611270904541,1.280348300933838,4,0.5,0.25,0.2,1.5
G1,800,unipolar,random,11624,11539.2,11580,11515,19.809088823063014,4.656917354244709,0.01448361,1.448361,99.27047487955953,99.6214728148658,73.40441551208497,1.3338525295257568,4,0.5,0.25,0.2,2.0
G1,800,unipolar,random,11624,11372.3,11431,11266,47.18768671780572,4.656917354244709,0.01448361,1.448361,97.83465244322092,98.33964211975224,67.39993629455566,1.2017803192138672,4,0.5,0.5,0.0,1.0
G1,800,unipolar,random,11624,11367.3,11408,11291,34.880908499891135,4.656917354244709,0.01448361,1.448361,97.79163799036476,98.1417756366139,75.8978500366211,1.2556421756744385,4,0.5,0.5,0.0,1.5
G1,800,unipolar,random,11624,11386.1,11439,11350,30.215705996863434,4.656917354244709,0.01448361,1.448361,97.95337233310393,98.40846524432209,71.08360748291015,1.2612969875335693,4,0.5,0.5,0.0,2.0
G1,800,unipolar,random,11624,11390.7,11458,11277,53.89093925079923,4.656917354244709,0.01448361,1.448361,97.9929456297316,98.5719201651755,71.12879066467285,1.227346658706665,4,0.5,0.5,0.1,1.0
G1,800,unipolar,random,11624,11394.4,11465,11317,42.68541254860312,4.656917354244709,0.01448361,1.448361,98.02477632484515,98.63214039917412,68.65546226501465,1.3358697891235352,4,0.5,0.5,0.1,1.5
G1,800,unipolar,random,11624,11388.8,11459,11340,37.69114249027512,4.656917354244709,0.01448361,1.448361,97.97660013764624,98.58052305574672,73.60550689697266,1.2914152145385742,4,0.5,0.5,0.1,2.0
G1,800,unipolar,random,11624,11384.3,11429,11322,33.50970008818342,4.656917354244709,0.01448361,1.448361,97.93788713007571,98.32243633860978,66.87496948242188,1.1435062885284424,4,0.5,0.5,0.2,1.0
G1,800,unipolar,random,11624,11401.8,11451,11371,24.45312977014508,4.656917354244709,0.01448361,1.448361,98.08843771507226,98.51169993117688,77.03129196166992,1.308272123336792,4,0.5,0.5,0.2,1.5
G1,800,unipolar,random,11624,11410.9,11469,11351,39.311999864333195,4.656917354244709,0.01448361,1.448361,98.16672401927048,98.66655196145905,74.94193572998047,1.274005651473999,4,0.5,0.5,0.2,2.0
G22,2000,unipolar,random,13359,13173.2,13212,13132,25.78888649528449,2.994857388112903,0.022521598,2.2521598,98.60917733363276,98.89961823489782,104.78753280639648,1.8129312992095947,4,0.5,0.0,0.0,1.0
G22,2000,unipolar,random,13359,13193.2,13228,13154,23.064161713696762,2.994857388112903,0.022521598,2.2521598,98.75888913840856,99.01938767871847,112.67490768432617,1.7395262718200684,4,0.5,0.0,0.0,1.5
G22,2000,unipolar,random,13359,13192.6,13214,13154,18.65594930429552,2.994857388112903,0.022521598,2.2521598,98.7543977842653,98.9145894153754,112.79818878173828,1.8272314071655273,4,0.5,0.0,0.0,2.0
G22,2000,unipolar,random,13359,13198.6,13283,13167,35.681305407111374,2.994857388112903,0.022521598,2.2521598,98.79931132569803,99.43109514185194,105.83669967651367,1.678938627243042,4,0.5,0.0,0.1,1.0
G22,2000,unipolar,random,13359,13183.3,13205,13156,16.905291742199804,2.994857388112903,0.022521598,2.2521598,98.68478179504454,98.8472191032263,114.10399475097657,1.819242000579834,4,0.5,0.0,0.1,1.5
G22,2000,unipolar,random,13359,13192.9,13253,13149,29.801006694405476,2.994857388112903,0.022521598,2.2521598,98.75664346133692,99.20652743468823,106.22222137451172,1.745189905166626,4,0.5,0.0,0.1,2.0
G22,2000,unipolar,random,13359,13191.8,13239,13131,30.150732439970124,2.994857388112903,0.022521598,2.2521598,98.74840931207426,99.10172917134516,107.96951370239258,1.777712345123291,4,0.5,0.0,0.2,1.0
G22,2000,unipolar,random,13359,13180.3,13259,13121,44.73638837059206,2.994857388112903,0.022521598,2.2521598,98.66232502432817,99.25144097612096,113.61597061157227,1.8649463653564453,4,0.5,0.0,0.2,1.5
G22,2000,unipolar,random,13359,13191.1,13225,13157,24.076036957015074,2.994857388112903,0.022521598,2.2521598,98.7431693989071,98.9969309080021,111.83930206298828,1.8359153270721436,4,0.5,0.0,0.2,2.0
G22,2000,unipolar,random,13359,13185.1,13232,13151,27.513431063553107,2.994857388112903,0.022521598,2.2521598,98.69825585747436,99.04933003967363,99.23604431152344,1.7100703716278076,4,0.5,0.25,0.0,1.0
G22,2000,unipolar,random,13359,13181.1,13238,13152,24.592004120580874,2.994857388112903,0.022521598,2.2521598,98.6683134965192,99.09424358110637,112.74130096435547,1.8547298908233643,4,0.5,0.25,0.0,1.5
G22,2000,unipolar,random,13359,13175.5,13197,13122,22.525294424022274,2.994857388112903,0.022521598,2.2521598,98.62639419118197,98.78733438131597,108.12859497070312,1.7603530883789062,4,0.5,0.25,0.0,2.0
G22,2000,unipolar,random,13359,13192.2,13257,13136,41.843093151014116,2.994857388112903,0.022521598,2.2521598,98.75140354816978,99.23646979564339,100.11880111694336,1.6686253547668457,4,0.5,0.25,0.1,1.0
G22,2000,unipolar,random,13359,13182.1,13221,13149,25.25624235268932,2.994857388112903,0.022521598,2.2521598,98.67579908675799,98.96698854704694,112.97771072387695,1.8206746578216553,4,0.5,0.25,0.1,1.5
G22,2000,unipolar,random,13359,13184.5,13234,13117,44.41283598240491,2.994857388112903,0.022521598,2.2521598,98.69376450333108,99.06430122015121,113.94485778808594,1.8077783584594727,4,0.5,0.25,0.1,2.0
G22,2000,unipolar,random,13359,13176.1,13212,13118,32.82427963159791,2.994857388112903,0.022521598,2.2521598,98.63088554532524,98.89961823489782,103.68017883300782,1.7282757759094238,4,0.5,0.25,0.2,1.0
G22,2000,unipolar,random,13359,13159.9,13194,13138,17.791695940647266,2.994857388112903,0.022521598,2.2521598,98.50961898345685,98.7648776105996,114.43955459594727,1.8160796165466309,4,0.5,0.25,0.2,1.5
G22,2000,unipolar,random,13359,13175.3,13212,13127,26.68353633068734,2.994857388112903,0.022521598,2.2521598,98.62489707313422,98.89961823489782,113.08554153442383,1.9342749118804932,4,0.5,0.25,0.2,2.0
G22,2000,unipolar,random,13359,12990.0,13024,12965,21.85812841434,2.994857388112903,0.022521598,2.2521598,97.23781720188637,97.49232727000523,108.85454711914062,1.0474941730499268,4,0.5,0.5,0.0,1.0
G22,2000,unipolar,random,13359,12984.5,13002,12965,14.983324063771697,2.994857388112903,0.022521598,2.2521598,97.19664645557302,97.32764428475186,111.76012802124023,1.807379961013794,4,0.5,0.5,0.0,1.5
G22,2000,unipolar,random,13359,12976.6,13018,12936,32.82004807363261,2.994857388112903,0.022521598,2.2521598,97.13751029268658,97.4474137285725,109.51150131225586,1.7831079959869385,4,0.5,0.5,0.0,2.0
G22,2000,unipolar,random,13359,12963.6,13012,12886,37.08308988684136,2.994857388112903,0.022521598,2.2521598,97.0401976195823,97.40250018713975,107.74584426879883,1.772515058517456,4,0.5,0.5,0.1,1.0
G22,2000,unipolar,random,13359,12972.3,13051,12912,40.9553957915736,2.994857388112903,0.022521598,2.2521598,97.10532225465978,97.69443820645257,109.85550689697266,1.8202605247497559,4,0.5,0.5,0.1,1.5
G22,2000,unipolar,random,13359,12969.3,13044,12923,37.606293799486984,2.994857388112903,0.022521598,2.2521598,97.08286548394341,97.64203907478105,120.57812194824218,2.010230541229248,4,0.5,0.5,0.1,2.0
G22,2000,unipolar,random,13359,12945.7,12986,12925,21.81767886625686,2.994857388112903,0.022521598,2.2521598,96.90620555430796,97.20787484093121,115.80563888549804,1.8509764671325684,4,0.5,0.5,0.2,1.0
G22,2000,unipolar,random,13359,12969.6,13040,12910,43.1462628740891,2.994857388112903,0.022521598,2.2521598,97.08511116101505,97.61209671382589,111.25449600219727,1.8772568702697754,4,0.5,0.5,0.2,1.5
G22,2000,unipolar,random,13359,12974.7,13007,12933,26.824739824771214,2.994857388112903,0.022521598,2.2521598,97.12328767123287,97.3650722359458,110.44325256347656,1.8235609531402588,4,0.5,0.5,0.2,2.0
G47,1000,unipolar,random,6657,6569.2,6592,6546,15.963848046271439,2.994816542147398,0.022521907,2.2521908,98.68108757698663,99.02358419708577,72.78393325805663,1.2251687049865723,4,0.5,0.0,0.0,1.0
G47,1000,unipolar,random,6657,6584.9,6626,6557,25.60577191875995,2.994816542147398,0.022521907,2.2521908,98.91692954784438,99.53432477091783,83.63416786193848,1.3754947185516357,4,0.5,0.0,0.0,1.5
G47,1000,unipolar,random,6657,6586.5,6609,6566,14.660983747499499,2.994816542147398,0.022521907,2.2521908,98.94096439837764,99.2789544840018,79.20783309936523,1.3270337581634521,4,0.5,0.0,0.0,2.0
G47,1000,unipolar,random,6657,6578.2,6602,6558,12.865112168617541,2.994816542147398,0.022521907,2.2521908,98.81628361123629,99.17380201291873,78.87769966125488,1.2836849689483643,4,0.5,0.0,0.1,1.0
G47,1000,unipolar,random,6657,6576.4,6613,6542,25.513395174561406,2.994816542147398,0.022521907,2.2521908,98.78924440438637,99.33904161033499,77.17079315185546,1.2794711589813232,4,0.5,0.0,0.1,1.5
G47,1000,unipolar,random,6657,6588.7,6612,6555,16.646988382954504,2.994816542147398,0.022521907,2.2521908,98.9740123178609,99.32401982875169,84.0650520324707,1.3305680751800537,4,0.5,0.0,0.1,2.0
G47,1000,unipolar,random,6657,6581.2,6602,6553,18.730842064478693,2.994816542147398,0.022521907,2.2521908,98.86134895598617,99.17380201291873,74.23894729614258,0.635810375213623,4,0.5,0.0,0.2,1.0
G47,1000,unipolar,random,6657,6573.7,6604,6548,20.467046684854168,2.994816542147398,0.022521907,2.2521908,98.74868559411146,99.20384557608533,72.2205093383789,1.301440954208374,4,0.5,0.0,0.2,1.5
G47,1000,unipolar,random,6657,6591.8,6610,6577,12.942608358098113,2.994816542147398,0.022521907,2.2521908,99.02057984076912,99.2939762655851,76.7995735168457,1.2928569316864014,4,0.5,0.0,0.2,2.0
G47,1000,unipolar,random,6657,6567.7,6597,6546,14.825278712013777,2.994816542147398,0.022521907,2.2521908,98.65855490461169,99.09869310500225,91.13193893432617,1.5066301822662354,4,0.5,0.25,0.0,1.0
G47,1000,unipolar,random,6657,6585.7,6622,6545,22.55881202545914,2.994816542147398,0.022521907,2.2521908,98.92894697311101,99.47423764458465,77.29056243896484,1.321878433227539,4,0.5,0.25,0.0,1.5
G47,1000,unipolar,random,6657,6577.2,6589,6541,14.770842148563425,2.994816542147398,0.022521907,2.2521908,98.801261829653,98.97851885233588,81.93905639648438,1.4508469104766846,4,0.5,0.25,0.0,2.0
G47,1000,unipolar,random,6657,6567.7,6598,6538,18.571483516402235,2.994816542147398,0.022521907,2.2521908,98.65855490461169,99.11371488658556,75.30961837768555,1.3481204509735107,4,0.5,0.25,0.1,1.0
G47,1000,unipolar,random,6657,6583.3,6607,6554,15.8468363474298,2.994816542147398,0.022521907,2.2521908,98.8928946973111,99.24891092083521,76.95015945434571,1.3480427265167236,4,0.5,0.25,0.1,1.5
G47,1000,unipolar,random,6657,6574.6,6604,6544,18.620180211563774,2.994816542147398,0.022521907,2.2521908,98.76220519753643,99.20384557608533,78.20697631835938,1.3482751846313477,4,0.5,0.25,0.1,2.0
G47,1000,unipolar,random,6657,6575.9,6594,6559,12.74929191933593,2.994816542147398,0.022521907,2.2521908,98.78173351359472,99.05362776025237,81.17779998779297,1.3313517570495605,4,0.5,0.25,0.2,1.0
G47,1000,unipolar,random,6657,6588.8,6618,6551,22.314917780613836,2.994816542147398,0.022521907,2.2521908,98.97551449601923,99.41415051825146,75.51535339355469,1.2942123413085938,4,0.5,0.25,0.2,1.5
G47,1000,unipolar,random,6657,6577.0,6607,6539,20.72036035722674,2.994816542147398,0.022521907,2.2521908,98.79825747333634,99.24891092083521,77.93695983886718,1.2836339473724365,4,0.5,0.25,0.2,2.0
G47,1000,unipolar,random,6657,6460.4,6511,6431,22.465776441314265,2.994816542147398,0.022521907,2.2521908,97.04671774072405,97.80681988883882,77.68340072631835,1.2842769622802734,4,0.5,0.5,0.0,1.0
G47,1000,unipolar,random,6657,6474.9,6544,6436,33.59712289269226,2.994816542147398,0.022521907,2.2521908,97.26453357368185,98.30253868108758,74.88311920166015,1.3214919567108154,4,0.5,0.5,0.0,1.5
G47,1000,unipolar,random,6657,6470.8,6521,6436,28.71623621267631,2.994816542147398,0.022521907,2.2521908,97.20294426919033,97.95703770467178,78.05272598266602,1.3340299129486084,4,0.5,0.5,0.0,2.0
G47,1000,unipolar,random,6657,6466.7,6504,6423,26.985798734396084,2.994816542147398,0.022521907,2.2521908,97.14135496469882,97.70166741775574,71.66224632263183,1.2021822929382324,4,0.5,0.5,0.1,1.0
G47,1000,unipolar,random,6657,6484.9,6536,6427,32.40867510748044,2.994816542147398,0.022521907,2.2521908,97.41475138951479,98.18236442842121,80.34210205078125,1.3436429500579834,4,0.5,0.5,0.1,1.5
G47,1000,unipolar,random,6657,6483.3,6500,6462,13.021776632497835,2.994816542147398,0.022521907,2.2521908,97.39071653898152,97.64158029142256,80.01247024536133,1.269775390625,4,0.5,0.5,0.1,2.0
G47,1000,unipolar,random,6657,6464.2,6515,6420,33.2191377237747,2.994816542147398,0.022521907,2.2521908,97.10380051074057,97.866907015172,79.09656982421875,1.2820188999176025,4,0.5,0.5,0.2,1.0
G47,1000,unipolar,random,6657,6486.5,6529,6445,25.35634919392862,2.994816542147398,0.022521907,2.2521908,97.43878624004807,98.07721195733814,94.06290969848632,1.537644624710083,4,0.5,0.5,0.2,1.5
G47,1000,unipolar,random,6657,6475.2,6529,6445,26.574005678064,2.994816542147398,0.022521907,2.2521908,97.26904010815683,98.07721195733814,80.63273735046387,1.3653881549835205,4,0.5,0.5,0.2,2.0
G48,3000,bipolar,troidal,6000,5754.2,5830,5692,51.27225803925983,1.3487544451625049,0.050008334,5.0008335,95.90333333333334,97.16666666666667,132.85629272460938,2.3079071044921875,4,0.5,0.0,0.0,1.0
G48,3000,bipolar,troidal,6000,5745.8,5846,5680,46.33645073445599,1.3487544451625049,0.050008334,5.0008335,95.76333333333334,97.43333333333334,132.32359619140624,2.3209640979766846,4,0.5,0.0,0.0,1.5
G48,3000,bipolar,troidal,6000,5751.6,5804,5686,36.39047494423048,1.3487544451625049,0.050008334,5.0008335,95.86,96.73333333333333,135.538037109375,2.3885579109191895,4,0.5,0.0,0.0,2.0
G48,3000,bipolar,troidal,6000,5761.0,5838,5704,41.15283168331865,1.3487544451625049,0.050008334,5.0008335,96.01666666666667,97.3,122.75767135620117,2.188213586807251,4,0.5,0.0,0.1,1.0
G48,3000,bipolar,troidal,6000,5756.6,5808,5692,40.05607181051193,1.3487544451625049,0.050008334,5.0008335,95.94333333333333,96.8,127.93644790649414,2.252798318862915,4,0.5,0.0,0.1,1.5
G48,3000,bipolar,troidal,6000,5757.8,5788,5684,34.685251428621164,1.3487544451625049,0.050008334,5.0008335,95.96333333333334,96.46666666666667,138.1434112548828,2.311654567718506,4,0.5,0.0,0.1,2.0
G48,3000,bipolar,troidal,6000,5737.2,5838,5658,52.01880002033453,1.3487544451625049,0.050008334,5.0008335,95.62,97.3,119.83620681762696,2.1989452838897705,4,0.5,0.0,0.2,1.0
G48,3000,bipolar,troidal,6000,5741.4,5806,5668,45.03874874914809,1.3487544451625049,0.050008334,5.0008335,95.69,96.76666666666667,131.21372146606444,2.2316277027130127,4,0.5,0.0,0.2,1.5
G48,3000,bipolar,troidal,6000,5751.2,5792,5702,34.61791443747009,1.3487544451625049,0.050008334,5.0008335,95.85333333333334,96.53333333333333,136.92825622558593,2.3041985034942627,4,0.5,0.0,0.2,2.0
G48,3000,bipolar,troidal,6000,5738.6,5838,5674,51.7176092942347,1.3487544451625049,0.050008334,5.0008335,95.64333333333333,97.3,144.51956329345703,1.752619981765747,4,0.5,0.25,0.0,1.0
G48,3000,bipolar,troidal,6000,5741.6,5798,5678,36.43929502916079,1.3487544451625049,0.050008334,5.0008335,95.69333333333333,96.63333333333334,140.4729461669922,2.5259525775909424,4,0.5,0.25,0.0,1.5
G48,3000,bipolar,troidal,6000,5758.2,5824,5688,48.857616260585885,1.3487544451625049,0.050008334,5.0008335,95.97,97.06666666666666,140.89245147705077,2.4475739002227783,4,0.5,0.25,0.0,2.0
G48,3000,bipolar,troidal,6000,5724.2,5820,5660,47.22946349708222,1.3487544451625049,0.050008334,5.0008335,95.40333333333334,97.0,126.13877792358399,2.3841633796691895,4,0.5,0.25,0.1,1.0
G48,3000,bipolar,troidal,6000,5732.4,5794,5684,38.38749796483225,1.3487544451625049,0.050008334,5.0008335,95.54,96.56666666666666,134.7445442199707,2.3027915954589844,4,0.5,0.25,0.1,1.5
G48,3000,bipolar,troidal,6000,5759.4,5836,5644,48.037485362995426,1.3487544451625049,0.050008334,5.0008335,95.99,97.26666666666667,132.13019332885742,2.4138050079345703,4,0.5,0.25,0.1,2.0
G48,3000,bipolar,troidal,6000,5718.4,5854,5638,63.18790320236233,1.3487544451625049,0.050008334,5.0008335,95.30666666666667,97.56666666666666,118.77141494750977,2.1927688121795654,4,0.5,0.25,0.2,1.0
G48,3000,bipolar,troidal,6000,5711.0,5754,5652,30.655795174449118,1.3487544451625049,0.050008334,5.0008335,95.18333333333334,95.9,130.80411529541016,2.335456132888794,4,0.5,0.25,0.2,1.5
G48,3000,bipolar,troidal,6000,5725.4,5786,5690,27.21192549028622,1.3487544451625049,0.050008334,5.0008335,95.42333333333333,96.43333333333334,133.7487030029297,2.3465731143951416,4,0.5,0.25,0.2,2.0
G48,3000,bipolar,troidal,6000,5528.8,5628,5448,63.3873453897192,1.3487544451625049,0.050008334,5.0008335,92.14666666666666,93.8,131.68475875854492,2.336937189102173,4,0.5,0.5,0.0,1.0
G48,3000,bipolar,troidal,6000,5568.6,5662,5484,49.3698063372521,1.3487544451625049,0.050008334,5.0008335,92.81,94.36666666666666,133.78397445678712,2.387619972229004,4,0.5,0.5,0.0,1.5
G48,3000,bipolar,troidal,6000,5573.2,5686,5496,61.189686857981044,1.3487544451625049,0.050008334,5.0008335,92.88666666666667,94.76666666666667,130.62686462402343,1.841078281402588,4,0.5,0.5,0.0,2.0
G48,3000,bipolar,troidal,6000,5509.0,5558,5466,31.584102892999123,1.3487544451625049,0.050008334,5.0008335,91.81666666666666,92.63333333333334,119.3776756286621,2.151594877243042,4,0.5,0.5,0.1,1.0
G48,3000,bipolar,troidal,6000,5528.0,5624,5470,45.146674542232034,1.3487544451625049,0.050008334,5.0008335,92.13333333333334,93.73333333333333,130.01505966186522,2.413707733154297,4,0.5,0.5,0.1,1.5
G48,3000,bipolar,troidal,6000,5536.6,5578,5458,43.461860675002555,1.3487544451625049,0.050008334,5.0008335,92.27666666666667,92.96666666666667,133.1042594909668,2.472893238067627,4,0.5,0.5,0.1,2.0
G48,3000,bipolar,troidal,6000,5493.8,5556,5404,41.86167698504206,1.3487544451625049,0.050008334,5.0008335,91.56333333333333,92.6,128.527099609375,2.4484474658966064,4,0.5,0.5,0.2,1.0
G48,3000,bipolar,troidal,6000,5504.8,5546,5434,35.89119359644894,1.3487544451625049,0.050008334,5.0008335,91.74666666666667,92.43333333333334,127.06956176757812,2.2182328701019287,4,0.5,0.5,0.2,1.5
G48,3000,bipolar,troidal,6000,5532.0,5570,5486,21.989896669960856,1.3487544451625049,0.050008334,5.0008335,92.2,92.83333333333333,132.32506637573243,2.4049928188323975,4,0.5,0.5,0.2,2.0
G55,5000,unipolar,random,10299,10088.8,10102,10067,9.330952077181978,1.4637052035839557,0.04608098,4.608098,97.95902514807261,98.08719293135256,186.5414779663086,3.979882001876831,4,0.5,0.0,0.0,1.0
G55,5000,unipolar,random,10299,10065.1,10092,10040,15.147056919855201,1.4637052035839557,0.04608098,4.608098,97.72890571900184,97.99009612583745,212.18024597167968,4.590692520141602,4,0.5,0.0,0.0,1.5
G55,5000,unipolar,random,10299,10076.3,10096,10055,12.789318459818986,1.4637052035839557,0.04608098,4.608098,97.83765414117875,98.0289348480435,222.3,3.81788969039917,4,0.5,0.0,0.0,2.0
G55,5000,unipolar,random,10299,10063.4,10118,10021,26.72992496975794,1.4637052035839557,0.04608098,4.608098,97.71239926206428,98.24254782017671,208.89766693115234,4.249692440032959,4,0.5,0.0,0.1,1.0
G55,5000,unipolar,random,10299,10061.7,10105,10040,18.445414967772706,1.4637052035839557,0.04608098,4.608098,97.69589280512672,98.11632197300709,210.233984375,4.519399404525757,4,0.5,0.0,0.1,1.5
G55,5000,unipolar,random,10299,10084.1,10121,10049,20.909593757677627,1.4637052035839557,0.04608098,4.608098,97.91338964948054,98.27167686183125,235.65301818847655,4.547984600067139,4,0.5,0.0,0.1,2.0
G55,5000,unipolar,random,10299,10050.5,10086,9997,25.808052145707464,1.4637052035839557,0.04608098,4.608098,97.5871443829498,97.9318380425284,217.52507629394532,4.5365355014801025,4,0.5,0.0,0.2,1.0
G55,5000,unipolar,random,10299,10050.2,10074,10019,18.99590599167211,1.4637052035839557,0.04608098,4.608098,97.58423147878436,97.81532187591029,205.6011001586914,4.189148187637329,4,0.5,0.0,0.2,1.5
G55,5000,unipolar,random,10299,10059.8,10102,10027,26.084478143140988,1.4637052035839557,0.04608098,4.608098,97.67744441207883,98.08719293135256,234.72020111083984,4.062494993209839,4,0.5,0.0,0.2,2.0
G55,5000,unipolar,random,10299,10043.9,10078,10005,24.204912265442687,1.4637052035839557,0.04608098,4.608098,97.52306049130983,97.85416059811632,189.6959457397461,4.502127408981323,4,0.5,0.25,0.0,1.0
G55,5000,unipolar,random,10299,10067.4,10093,10032,20.769635956794662,1.4637052035839557,0.04608098,4.608098,97.75123798427032,97.99980580638896,209.8962158203125,4.017504692077637,4,0.5,0.25,0.0,1.5
G55,5000,unipolar,random,10299,10063.3,10087,10015,21.192503915824158,1.4637052035839557,0.04608098,4.608098,97.71142829400911,97.9415477230799,213.47240600585937,4.685267210006714,4,0.5,0.25,0.0,2.0
G55,5000,unipolar,random,10299,10047.1,10085,10016,20.305718953590937,1.4637052035839557,0.04608098,4.608098,97.55413146907466,97.92212836197689,194.4145294189453,3.843719005584717,4,0.5,0.25,0.1,1.0
G55,5000,unipolar,random,10299,10064.6,10103,10030,21.11976430844919,1.4637052035839557,0.04608098,4.608098,97.72405087872609,98.09690261190407,230.31343841552734,4.303782939910889,4,0.5,0.25,0.1,1.5
G55,5000,unipolar,random,10299,10071.7,10103,10047,16.892141499657303,1.4637052035839557,0.04608098,4.608098,97.79298961064183,98.09690261190407,266.02313537597655,5.458729982376099,4,0.5,0.25,0.1,2.0
G55,5000,unipolar,random,10299,10027.7,10060,9998,21.40638534020476,1.4637052035839557,0.04608098,4.608098,97.36576366637539,97.67938634818914,198.05835418701173,4.698732376098633,4,0.5,0.25,0.2,1.0
G55,5000,unipolar,random,10299,10043.9,10075,10014,21.73808741459203,1.4637052035839557,0.04608098,4.608098,97.52306049130983,97.8250315564618,203.45860748291017,4.0289483070373535,4,0.5,0.25,0.2,1.5
G55,5000,unipolar,random,10299,10037.7,10073,10001,21.097919855336976,1.4637052035839557,0.04608098,4.608098,97.46286047189048,97.80561219535878,252.83650970458984,4.778314590454102,4,0.5,0.25,0.2,2.0
G55,5000,unipolar,random,10299,9790.0,9852,9737,34.82336380458767,1.4637052035839557,0.04608098,4.608098,95.05777259928148,95.6597727934751,196.80670166015625,4.079845190048218,4,0.5,0.5,0.0,1.0
G55,5000,unipolar,random,10299,9796.0,9845,9743,31.36523198986065,1.4637052035839557,0.04608098,4.608098,95.11603068259055,95.59180502961452,199.6579376220703,3.94659423828125,4,0.5,0.5,0.0,1.5
G55,5000,unipolar,random,10299,9834.2,9867,9802,23.97127911109923,1.4637052035839557,0.04608098,4.608098,95.48694047965823,95.80541800174774,214.94646453857422,4.514798402786255,4,0.5,0.5,0.0,2.0
G55,5000,unipolar,random,10299,9791.0,9853,9721,45.9661711358352,1.4637052035839557,0.04608098,4.608098,95.06748227983299,95.66948247402661,193.30284423828124,3.4990782737731934,4,0.5,0.5,0.1,1.0
G55,5000,unipolar,random,10299,9814.2,9866,9783,30.447769485902686,1.4637052035839557,0.04608098,4.608098,95.29274686862803,95.79570832119623,192.7650909423828,3.7933926582336426,4,0.5,0.5,0.1,1.5
G55,5000,unipolar,random,10299,9811.7,9853,9781,26.43251364849317,1.4637052035839557,0.04608098,4.608098,95.26847266724926,95.66948247402661,214.2387680053711,4.062763214111328,4,0.5,0.5,0.1,2.0
G55,5000,unipolar,random,10299,9771.5,9818,9723,32.47648722109924,1.4637052035839557,0.04608098,4.608098,94.87814350907855,95.32964365472375,177.61574096679686,3.7117056846618652,4,0.5,0.5,0.2,1.0
G55,5000,unipolar,random,10299,9771.7,9832,9737,33.24003610106343,1.4637052035839557,0.04608098,4.608098,94.88008544518887,95.4655791824449,193.2923614501953,3.8308944702148438,4,0.5,0.5,0.2,1.5
G55,5000,unipolar,random,10299,9798.6,9863,9753,32.89782160974593,1.4637052035839557,0.04608098,4.608098,95.14127585202446,95.7665792795417,208.0116714477539,4.000471353530884,4,0.5,0.5,0.2,2.0
G60,7000,unipolar,random,14188,13871.4,13915,13816,34.02025540435841,1.4502499957897068,0.04650852,4.650852,97.76853679165492,98.07583873696082,251.93142395019532,6.3686323165893555,4,0.5,0.0,0.0,1.0
G60,7000,unipolar,random,14188,13884.0,13910,13858,14.52966314513558,1.4502499957897068,0.04650852,4.650852,97.85734423456442,98.0405976881872,262.752018737793,6.268827199935913,4,0.5,0.0,0.0,1.5
G60,7000,unipolar,random,14188,13865.1,13892,13841,16.421192269611716,1.4502499957897068,0.04650852,4.650852,97.72413307020017,97.9137299126022,292.9297210693359,7.269782304763794,4,0.5,0.0,0.0,2.0
G60,7000,unipolar,random,14188,13855.8,13889,13835,15.977762324208259,1.4502499957897068,0.04650852,4.650852,97.65858471948125,97.89258528333804,239.68500061035155,6.370754718780518,4,0.5,0.0,0.1,1.0
G60,7000,unipolar,random,14188,13874.5,13907,13839,23.763884830183432,1.4502499957897068,0.04650852,4.650852,97.79038624189455,98.01945305892303,264.74952545166013,6.952389240264893,4,0.5,0.0,0.1,1.5
G60,7000,unipolar,random,14188,13875.0,13906,13834,22.435091560618453,1.4502499957897068,0.04650852,4.650852,97.79391034677192,98.0124048491683,294.4222930908203,6.301833629608154,4,0.5,0.0,0.1,2.0
G60,7000,unipolar,random,14188,13839.8,13883,13782,33.37930163705912,1.4502499957897068,0.04650852,4.650852,97.5458133634057,97.8502960248097,248.35809478759765,6.589778184890747,4,0.5,0.0,0.2,1.0
G60,7000,unipolar,random,14188,13849.3,13901,13808,30.923022706930404,1.4502499957897068,0.04650852,4.650852,97.61277135607556,97.9771638003947,267.6859893798828,6.625500440597534,4,0.5,0.0,0.2,1.5
G60,7000,unipolar,random,14188,13857.1,13905,13802,33.61365463286874,1.4502499957897068,0.04650852,4.650852,97.6677473921624,98.00535663941359,291.9509582519531,7.191239833831787,4,0.5,0.0,0.2,2.0
G60,7000,unipolar,random,14188,13856.7,13884,13826,18.184547774904324,1.4502499957897068,0.04650852,4.650852,97.6649281082605,97.85734423456442,254.08978118896485,6.370877265930176,4,0.5,0.25,0.0,1.0
G60,7000,unipolar,random,14188,13872.2,13898,13838,19.932106985687412,1.4502499957897068,0.04650852,4.650852,97.7741753594587,97.95601917113054,265.41511993408204,6.765248537063599,4,0.5,0.25,0.0,1.5
G60,7000,unipolar,random,14188,13869.7,13923,13827,34.15666520282356,1.4502499957897068,0.04650852,4.650852,97.7565548350719,98.13222441499859,292.7344116210937,6.149292469024658,4,0.5,0.25,0.0,2.0
G60,7000,unipolar,random,14188,13853.6,13896,13819,24.39125526358439,1.4502499957897068,0.04650852,4.650852,97.64307865802087,97.94192275162109,245.0977355957031,6.048019647598267,4,0.5,0.25,0.1,1.0
G60,7000,unipolar,random,14188,13846.5,13899,13824,23.987265139838033,1.4502499957897068,0.04650852,4.650852,97.59303636876234,97.96306738088525,278.49888000488284,6.353345155715942,4,0.5,0.25,0.1,1.5
G60,7000,unipolar,random,14188,13863.4,13908,13815,28.068170981063627,1.4502499957897068,0.04650852,4.650852,97.71215111361714,98.02650126867776,279.30592346191406,6.269903659820557,4,0.5,0.25,0.1,2.0
G60,7000,unipolar,random,14188,13831.4,13860,13792,19.648013753162033,1.4502499957897068,0.04650852,4.650852,97.48660840146603,97.68818720045108,245.22652740478514,5.802018642425537,4,0.5,0.25,0.2,1.0
G60,7000,unipolar,random,14188,13837.1,13880,13789,30.7731845750304,1.4502499957897068,0.04650852,4.650852,97.52678319706794,97.82915139554554,275.38523559570314,6.130923509597778,4,0.5,0.25,0.2,1.5
G60,7000,unipolar,random,14188,13851.1,13889,13805,29.97943739743404,1.4502499957897068,0.04650852,4.650852,97.62545813363406,97.89258528333804,295.71741638183596,7.371731281280518,4,0.5,0.25,0.2,2.0
G60,7000,unipolar,random,14188,13518.3,13560,13458,35.44338208090945,1.4502499957897068,0.04650852,4.650852,95.27981392726248,95.57372427403439,248.97219696044922,6.185889959335327,4,0.5,0.5,0.0,1.0
G60,7000,unipolar,random,14188,13495.8,13532,13449,31.39285127399407,1.4502499957897068,0.04650852,4.650852,95.12122920778123,95.37637440090217,266.8444458007813,7.140393972396851,4,0.5,0.5,0.0,1.5
G60,7000,unipolar,random,14188,13532.0,13559,13473,25.333333333333336,1.4502499957897068,0.04650852,4.650852,95.37637440090217,95.56667606427968,287.0446533203125,6.830093860626221,4,0.5,0.5,0.0,2.0
G60,7000,unipolar,random,14188,13473.9,13543,13406,42.44591329628278,1.4502499957897068,0.04650852,4.650852,94.9668734141528,95.45390470820412,247.11898040771484,6.318637371063232,4,0.5,0.5,0.1,1.0
G60,7000,unipolar,random,14188,13507.7,13556,13464,31.710671179693858,1.4502499957897068,0.04650852,4.650852,95.20510290386243,95.5455314350155,262.83503875732424,6.382248878479004,4,0.5,0.5,0.1,1.5
G60,7000,unipolar,random,14188,13499.3,13576,13402,49.08054604423223,1.4502499957897068,0.04650852,4.650852,95.14589794192275,95.68649563010995,298.2461273193359,6.502593994140625,4,0.5,0.5,0.1,2.0
G60,7000,unipolar,random,14188,13462.2,13541,13400,45.842241558535406,1.4502499957897068,0.04650852,4.650852,94.88440936002256,95.43980828869468,252.1392822265625,6.7174975872039795,4,0.5,0.5,0.2,1.0
G60,7000,unipolar,random,14188,13475.6,13540,13423,40.45353988081746,1.4502499957897068,0.04650852,4.650852,94.97885537073583,95.43276007893995,259.61280059814453,6.424213409423828,4,0.5,0.5,0.2,1.5
G60,7000,unipolar,random,14188,13515.9,13584,13454,36.192233666600046,1.4502499957897068,0.04650852,4.650852,95.26289822385114,95.74288130814773,297.8036376953125,6.816654682159424,4,0.5,0.5,0.2,2.0
G67,10000,bipolar,toroidal,6950,6531.8,6594,6492,33.604893823502685,1.3489122810488938,0.0500025,5.00025,93.98273381294965,94.87769784172662,387.8539764404297,9.952704429626465,4,0.5,0.0,0.0,1.0
G67,10000,bipolar,toroidal,6950,6583.8,6624,6554,22.180071135042727,1.3489122810488938,0.0500025,5.00025,94.73093525179856,95.30935251798562,413.57863159179686,11.683709859848022,4,0.5,0.0,0.0,1.5
G67,10000,bipolar,toroidal,6950,6583.8,6644,6536,32.37900554371613,1.3489122810488938,0.0500025,5.00025,94.73093525179856,95.59712230215827,492.59178161621094,11.65262508392334,4,0.5,0.0,0.0,2.0
G67,10000,bipolar,toroidal,6950,6539.6,6580,6494,28.437846456985998,1.3489122810488938,0.0500025,5.00025,94.09496402877699,94.67625899280576,395.9713500976562,11.398395299911499,4,0.5,0.0,0.1,1.0
G67,10000,bipolar,toroidal,6950,6568.6,6600,6530,20.59233946020812,1.3489122810488938,0.0500025,5.00025,94.51223021582734,94.96402877697842,414.3811370849609,13.278003454208374,4,0.5,0.0,0.1,1.5
G67,10000,bipolar,toroidal,6950,6580.4,6612,6566,14.10437284438175,1.3489122810488938,0.0500025,5.00025,94.68201438848921,95.13669064748201,491.4601623535156,13.460222244262695,4,0.5,0.0,0.1,2.0
G67,10000,bipolar,toroidal,6950,6516.8,6546,6490,19.303425142244116,1.3489122810488938,0.0500025,5.00025,93.76690647482015,94.18705035971223,388.0307281494141,10.216114521026611,4,0.5,0.0,0.2,1.0
G67,10000,bipolar,toroidal,6950,6558.4,6578,6520,22.086697856905232,1.3489122810488938,0.0500025,5.00025,94.36546762589929,94.64748201438849,452.4150848388672,10.777846813201904,4,0.5,0.0,0.2,1.5
G67,10000,bipolar,toroidal,6950,6558.4,6576,6536,12.816655830077778,1.3489122810488938,0.0500025,5.00025,94.36546762589929,94.61870503597122,486.71422424316404,11.387012481689453,4,0.5,0.0,0.2,2.0
G67,10000,bipolar,toroidal,6950,6509.0,6536,6488,18.81488772222678,1.3489122810488938,0.0500025,5.00025,93.65467625899281,94.0431654676259,416.93177795410156,11.305643320083618,4,0.5,0.25,0.0,1.0
G67,10000,bipolar,toroidal,6950,6558.2,6590,6532,19.583439716023104,1.3489122810488938,0.0500025,5.00025,94.36258992805756,94.82014388489209,428.2361358642578,11.539621591567993,4,0.5,0.25,0.0,1.5
G67,10000,bipolar,toroidal,6950,6558.6,6582,6528,18.762847450332384,1.3489122810488938,0.0500025,5.00025,94.36834532374101,94.70503597122303,491.7630249023438,11.042365550994873,4,0.5,0.25,0.0,2.0
G67,10000,bipolar,toroidal,6950,6494.4,6530,6450,25.399912510785455,1.3489122810488938,0.0500025,5.00025,93.44460431654676,93.9568345323741,400.2169128417969,11.360089302062988,4,0.5,0.25,0.1,1.0
G67,10000,bipolar,toroidal,6950,6541.0,6570,6494,26.803813990632833,1.3489122810488938,0.0500025,5.00025,94.11510791366906,94.53237410071942,444.66416931152344,10.507932186126709,4,0.5,0.25,0.1,1.5
G67,10000,bipolar,toroidal,6950,6585.0,6620,6538,25.582111805799858,1.3489122810488938,0.0500025,5.00025,94.74820143884892,95.25179856115108,481.572216796875,10.635862827301025,4,0.5,0.25,0.1,2.0
G67,10000,bipolar,toroidal,6950,6502.6,6536,6466,28.237878422037618,1.3489122810488938,0.0500025,5.00025,93.56258992805755,94.0431654676259,395.71759338378905,10.497498989105225,4,0.5,0.25,0.2,1.0
G67,10000,bipolar,toroidal,6950,6519.4,6556,6472,25.263940046371758,1.3489122810488938,0.0500025,5.00025,93.80431654676259,94.33093525179856,417.8896942138672,10.081698894500732,4,0.5,0.25,0.2,1.5
G67,10000,bipolar,toroidal,6950,6533.8,6558,6490,23.275165591963752,1.3489122810488938,0.0500025,5.00025,94.0115107913669,94.35971223021583,478.0061370849609,11.86112093925476,4,0.5,0.25,0.2,2.0
G67,10000,bipolar,toroidal,6950,5925.6,5992,5862,42.18267153438456,1.3489122810488938,0.0500025,5.00025,85.26043165467625,86.2158273381295,431.6256988525391,11.80759596824646,4,0.5,0.5,0.0,1.0
G67,10000,bipolar,toroidal,6950,5978.6,6072,5900,55.93686917707616,1.3489122810488938,0.0500025,5.00025,86.02302158273382,87.36690647482014,437.81993713378904,11.256819725036621,4,0.5,0.5,0.0,1.5
G67,10000,bipolar,toroidal,6950,5996.8,6094,5904,52.857880732730436,1.3489122810488938,0.0500025,5.00025,86.28489208633094,87.68345323741008,457.01079711914065,12.296866655349731,4,0.5,0.5,0.0,2.0
G67,10000,bipolar,toroidal,6950,5921.6,5978,5878,33.11662892130042,1.3489122810488938,0.0500025,5.00025,85.20287769784173,86.01438848920863,393.8201446533203,9.578480005264282,4,0.5,0.5,0.1,1.0
G67,10000,bipolar,toroidal,6950,5956.0,6044,5884,52.729919822093834,1.3489122810488938,0.0500025,5.00025,85.6978417266187,86.96402877697842,432.24196166992186,10.088382482528687,4,0.5,0.5,0.1,1.5
G67,10000,bipolar,toroidal,6950,6006.6,6056,5958,31.945091780880656,1.3489122810488938,0.0500025,5.00025,86.42589928057554,87.13669064748201,518.4099578857422,12.604992866516113,4,0.5,0.5,0.1,2.0
G67,10000,bipolar,toroidal,6950,5864.0,5912,5798,38.781438859330635,1.3489122810488938,0.0500025,5.00025,84.37410071942446,85.06474820143885,405.60931396484375,11.705167531967163,4,0.5,0.5,0.2,1.0
G67,10000,bipolar,toroidal,6950,5967.6,6028,5918,39.64060768678727,1.3489122810488938,0.0500025,5.00025,85.86474820143884,86.73381294964028,427.5681121826172,11.69918966293335,4,0.5,0.5,0.2,1.5
G67,10000,bipolar,toroidal,6950,5970.6,6102,5882,62.14713723629325,1.3489122810488938,0.0500025,5.00025,85.90791366906475,87.79856115107914,513.1527954101563,12.733137369155884,4,0.5,0.5,0.2,2.0
G77,14000,bipolar,unknown,9938,9340.6,9398,9308,30.3761602430444,1.3489314979499876,0.050001785,5.000179,93.98873012678608,94.5663111289998,641.6833068847657,21.307816743850708,4,0.5,0.0,0.0,1.0
G77,14000,bipolar,unknown,9938,9400.0,9500,9350,45.34313619501854,1.3489314979499876,0.050001785,5.000179,94.5864359025961,95.59267458241095,704.6478942871094,20.58166193962097,4,0.5,0.0,0.0,1.5
G77,14000,bipolar,unknown,9938,9421.4,9466,9386,26.517080449317106,1.3489314979499876,0.050001785,5.000179,94.80177098007647,95.2505534312739,787.5306884765625,20.72941517829895,4,0.5,0.0,0.0,2.0
G77,14000,bipolar,unknown,9938,9343.2,9398,9290,36.33425075294353,1.3489314979499876,0.050001785,5.000179,94.01489233246127,94.5663111289998,639.6244323730468,20.11210036277771,4,0.5,0.0,0.1,1.0
G77,14000,bipolar,unknown,9938,9383.8,9408,9362,16.90364852134986,1.3489314979499876,0.050001785,5.000179,94.42342523646607,94.66693499698128,707.70673828125,19.15862512588501,4,0.5,0.0,0.1,1.5
G77,14000,bipolar,unknown,9938,9416.6,9448,9380,19.18448447168817,1.3489314979499876,0.050001785,5.000179,94.75347152344536,95.06943046890723,785.4608459472656,20.717519521713257,4,0.5,0.0,0.1,2.0
G77,14000,bipolar,unknown,9938,9309.8,9354,9260,30.58612612134971,1.3489314979499876,0.050001785,5.000179,93.67880861340309,94.12356610988127,652.3539489746094,19.152802228927612,4,0.5,0.0,0.2,1.0
G77,14000,bipolar,unknown,9938,9372.4,9404,9314,30.90918597727507,1.3489314979499876,0.050001785,5.000179,94.3087140269672,94.6266854497887,711.2142150878906,20.070015907287598,4,0.5,0.0,0.2,1.5
G77,14000,bipolar,unknown,9938,9386.8,9412,9354,17.2356220272628,1.3489314979499876,0.050001785,5.000179,94.45361239686052,94.70718454417388,777.2021728515625,21.261554956436157,4,0.5,0.0,0.2,2.0
G77,14000,bipolar,unknown,9938,9308.6,9334,9266,20.48414020651099,1.3489314979499876,0.050001785,5.000179,93.66673374924532,93.92231837391829,638.0444519042969,17.913824319839478,4,0.5,0.25,0.0,1.0
G77,14000,bipolar,unknown,9938,9381.2,9446,9342,35.279203820696154,1.3489314979499876,0.050001785,5.000179,94.39726303079091,95.04930569531093,707.8004272460937,20.809765338897705,4,0.5,0.25,0.0,1.5
G77,14000,bipolar,unknown,9938,9402.4,9444,9348,27.82165423630386,1.3489314979499876,0.050001785,5.000179,94.61058563091166,95.02918092171463,784.7995971679687,20.58063530921936,4,0.5,0.25,0.0,2.0
G77,14000,bipolar,unknown,9938,9301.6,9364,9250,31.844064508860118,1.3489314979499876,0.050001785,5.000179,93.59629704165827,94.22418997786275,646.1353942871094,18.92578125,4,0.5,0.25,0.1,1.0
G77,14000,bipolar,unknown,9938,9353.6,9398,9294,34.26433195678043,1.3489314979499876,0.050001785,5.000179,94.11954115516201,94.5663111289998,704.324072265625,20.571884155273438,4,0.5,0.25,0.1,1.5
G77,14000,bipolar,unknown,9938,9386.2,9416,9344,20.55777765767064,1.3489314979499876,0.050001785,5.000179,94.44757496478165,94.74743409136647,778.6682800292969,19.939661264419556,4,0.5,0.25,0.1,2.0
G77,14000,bipolar,unknown,9938,9286.2,9330,9228,34.633958929223084,1.3489314979499876,0.050001785,5.000179,93.44133628496681,93.8820688267257,652.9261596679687,19.368470907211304,4,0.5,0.25,0.2,1.0
G77,14000,bipolar,unknown,9938,9340.8,9372,9306,20.048829281420787,1.3489314979499876,0.050001785,5.000179,93.9907426041457,94.30468907224794,713.3102661132813,21.51740527153015,4,0.5,0.25,0.2,1.5
G77,14000,bipolar,unknown,9938,9360.8,9400,9334,22.334825820776942,1.3489314979499876,0.050001785,5.000179,94.19199034010866,94.5864359025961,825.8367370605469,21.58042287826538,4,0.5,0.25,0.2,2.0
G77,14000,bipolar,unknown,9938,8466.2,8546,8338,59.68398258978516,1.3489314979499876,0.050001785,5.000179,85.19017911048502,85.99315757697725,655.1494934082032,19.681335926055908,4,0.5,0.5,0.0,1.0
G77,14000,bipolar,unknown,9938,8584.2,8714,8470,77.08840523854559,1.3489314979499876,0.050001785,5.000179,86.37754075266655,87.68363855906621,705.5630981445313,20.708439111709595,4,0.5,0.5,0.0,1.5
G77,14000,bipolar,unknown,9938,8608.4,8678,8448,65.92116503824853,1.3489314979499876,0.050001785,5.000179,86.62105051318173,87.32139263433287,789.20537109375,20.012131690979004,4,0.5,0.5,0.0,2.0
G77,14000,bipolar,unknown,9938,8445.8,8524,8354,53.86773926324859,1.3489314979499876,0.050001785,5.000179,84.98490641980277,85.771785067418,633.2146545410156,18.731326580047607,4,0.5,0.5,0.1,1.0
G77,14000,bipolar,unknown,9938,8571.4,8678,8500,59.78517095958384,1.3489314979499876,0.050001785,5.000179,86.24874220165023,87.32139263433287,716.2513305664063,20.673325777053833,4,0.5,0.5,0.1,1.5
G77,14000,bipolar,unknown,9938,8597.6,8656,8508,50.038207623996904,1.3489314979499876,0.050001785,5.000179,86.51237673576172,87.1000201247736,784.6047302246094,20.26937437057495,4,0.5,0.5,0.1,2.0
G77,14000,bipolar,unknown,9938,8455.0,8572,8386,59.727157418826934,1.3489314979499876,0.050001785,5.000179,85.07748037834574,86.25477963372911,638.0627197265625,19.74241614341736,4,0.5,0.5,0.2,1.0
G77,14000,bipolar,unknown,9938,8518.0,8576,8464,39.22584182228174,1.3489314979499876,0.050001785,5.000179,85.7114107466291,86.29502918092172,712.9473510742188,21.56322717666626,4,0.5,0.5,0.2,1.5
G77,14000,bipolar,unknown,9938,8546.4,8634,8484,53.223219661263556,1.3489314979499876,0.050001785,5.000179,85.99718253169652,86.87864761521433,791.7651245117188,19.85966396331787,4,0.5,0.5,0.2,2.0
G81,20000,bipolar,unknown,14048,13193.6,13228,13172,18.15488914865635,1.3489460513353349,0.05000125,5.000125,93.91799544419135,94.1628701594533,1160.4598876953125,60.436211824417114,4,0.5,0.0,0.0,1.0
G81,20000,bipolar,unknown,14048,13297.0,13358,13254,32.78549814916481,1.3489460513353349,0.05000125,5.000125,94.65404328018224,95.0882687927107,1279.1796508789062,50.6377637386322,4,0.5,0.0,0.0,1.5
G81,20000,bipolar,unknown,14048,13313.6,13352,13270,29.97480423437139,1.3489460513353349,0.05000125,5.000125,94.77220956719817,95.04555808656036,1377.42001953125,49.34122848510742,4,0.5,0.0,0.0,2.0
G81,20000,bipolar,unknown,14048,13225.0,13278,13164,37.80946383586463,1.3489460513353349,0.05000125,5.000125,94.14151480637813,94.51879271070615,1166.9665649414062,47.66105842590332,4,0.5,0.0,0.1,1.0
G81,20000,bipolar,unknown,14048,13277.0,13296,13260,12.727922061357855,1.3489460513353349,0.05000125,5.000125,94.51167425968109,94.64692482915717,1262.8546508789063,41.246657848358154,4,0.5,0.0,0.1,1.5
G81,20000,bipolar,unknown,14048,13313.6,13368,13280,28.856734241960076,1.3489460513353349,0.05000125,5.000125,94.77220956719817,95.15945330296128,1374.6906860351562,41.75224494934082,4,0.5,0.0,0.1,2.0
G81,20000,bipolar,unknown,14048,13167.6,13212,13094,40.108741081104895,1.3489460513353349,0.05000125,5.000125,93.73291571753987,94.04897494305239,1185.72421875,64.58129906654358,4,0.5,0.0,0.2,1.0
G81,20000,bipolar,unknown,14048,13239.0,13276,13162,36.37153954521157,1.3489460513353349,0.05000125,5.000125,94.24117312072893,94.50455580865604,1255.2429321289062,40.00300574302673,4,0.5,0.0,0.2,1.5
G81,20000,bipolar,unknown,14048,13264.6,13284,13230,18.087441929569685,1.3489460513353349,0.05000125,5.000125,94.4234054669704,94.5615034168565,1399.9724365234374,41.620200395584106,4,0.5,0.0,0.2,2.0
G81,20000,bipolar,unknown,14048,13179.0,13226,13134,30.393712800146314,1.3489460513353349,0.05000125,5.000125,93.81406605922551,94.14863325740319,1159.89130859375,40.17849779129028,4,0.5,0.25,0.0,1.0
G81,20000,bipolar,unknown,14048,13243.8,13276,13190,25.844836148746534,1.3489460513353349,0.05000125,5.000125,94.27534168564921,94.50455580865604,1258.3287841796875,41.355472803115845,4,0.5,0.25,0.0,1.5
G81,20000,bipolar,unknown,14048,13286.2,13324,13242,25.93067681338071,1.3489460513353349,0.05000125,5.000125,94.57716400911161,94.84624145785877,1371.629150390625,41.88597750663757,4,0.5,0.25,0.0,2.0
G81,20000,bipolar,unknown,14048,13162.4,13212,13102,32.19109607743524,1.3489460513353349,0.05000125,5.000125,93.69589977220957,94.04897494305239,1169.7036499023438,40.311500787734985,4,0.5,0.25,0.1,1.0
G81,20000,bipolar,unknown,14048,13219.4,13266,13172,30.768670935077957,1.3489460513353349,0.05000125,5.000125,94.10165148063781,94.43337129840546,1272.3944946289062,39.86521887779236,4,0.5,0.25,0.1,1.5
G81,20000,bipolar,unknown,14048,13261.4,13302,13194,31.56721224449332,1.3489460513353349,0.05000125,5.000125,94.4006264236902,94.68963553530752,1380.8364624023438,65.84968829154968,4,0.5,0.25,0.1,2.0
G81,20000,bipolar,unknown,14048,13141.8,13222,13100,42.91024223759275,1.3489460513353349,0.05000125,5.000125,93.54925968109339,94.12015945330296,1178.11220703125,51.299694776535034,4,0.5,0.25,0.2,1.0
G81,20000,bipolar,unknown,14048,13188.2,13244,13110,46.18272885445862,1.3489460513353349,0.05000125,5.000125,93.87955580865604,94.27676537585421,1253.6570068359374,48.157798290252686,4,0.5,0.25,0.2,1.5
G81,20000,bipolar,unknown,14048,13216.4,13268,13178,29.071559221265645,1.3489460513353349,0.05000125,5.000125,94.08029612756265,94.44760820045558,1391.4519287109374,43.27618145942688,4,0.5,0.25,0.2,2.0
G81,20000,bipolar,unknown,14048,11965.2,12044,11904,52.4696737808295,1.3489460513353349,0.05000125,5.000125,85.17369020501138,85.73462414578587,937.8770690917969,26.781741857528687,4,0.5,0.5,0.0,1.0
G81,20000,bipolar,unknown,14048,12103.2,12232,12046,61.44337953668311,1.3489460513353349,0.05000125,5.000125,86.15603644646924,87.07289293849658,1153.1227172851563,28.33641481399536,4,0.5,0.5,0.0,1.5
G81,20000,bipolar,unknown,14048,12173.2,12242,12112,44.872164101044994,1.3489460513353349,0.05000125,5.000125,86.65432801822324,87.14407744874715,1258.2354858398437,29.3129460811615,4,0.5,0.5,0.0,2.0
G81,20000,bipolar,unknown,14048,11938.6,12030,11822,59.28499903947972,1.3489460513353349,0.05000125,5.000125,84.98433940774487,85.63496583143508,965.68525390625,25.441577911376953,4,0.5,0.5,0.1,1.0
G81,20000,bipolar,unknown,14048,12080.2,12174,11908,76.04939915023071,1.3489460513353349,0.05000125,5.000125,85.99231207289294,86.66002277904327,1054.3990783691406,26.925144910812378,4,0.5,0.5,0.1,1.5
G81,20000,bipolar,unknown,14048,12125.2,12190,12034,53.824405864502275,1.3489460513353349,0.05000125,5.000125,86.3126423690205,86.7739179954442,1225.86591796875,28.4575092792511,4,0.5,0.5,0.1,2.0
G81,20000,bipolar,unknown,14048,11949.0,12050,11834,59.158919680617714,1.3489460513353349,0.05000125,5.000125,85.05837129840546,85.77733485193622,897.9786499023437,51.76679539680481,4,0.5,0.5,0.2,1.0
G81,20000,bipolar,unknown,14048,12070.4,12156,12006,55.399959887670995,1.3489460513353349,0.05000125,5.000125,85.92255125284738,86.53189066059225,1139.4500549316406,27.013909816741943,4,0.5,0.5,0.2,1.5
G81,20000,bipolar,unknown,14048,12117.4,12192,12042,51.502319257378005,1.3489460513353349,0.05000125,5.000125,86.25711845102505,86.78815489749431,1349.8544921875,31.561518907546997,4,0.5,0.5,0.2,2.0
